2013年吴忠市城乡建设投资开发有限公司公司债券,124369,13吴城投,1380303,13吴忠城投债,2020-10-12
2011年宜昌市城市建设投资开发有限公司市政项目建设债券,122766,11宜建投,1180162,11宜昌城投债,2019-11-17
2013年重庆市双福建设开发有限公司公司债券,124400,13渝双福,1380285,13渝双福债,2020-10-23
2013年平凉市投资发展公司企业债券,124352,13平凉债,1380279,13平凉债,2020-09-17
2012年营口港务集团有限公司公司债券,124053,12营口港,1280391,12营口港,2020-11-13
2013年天津市静海城市基础设施建设投资集团有限公司公司债券,124437,13津静海,1380368,13津静海债,2020-11-26
2009年陕西煤业化工集团有限责任公司公司债券,122861,09陕煤化,0980176,09陕煤化债,2017-12-17
2012年昆明市五华区国有资产投资经营管理有限公司市政项目建设债券,122695,12五国投,1280048,12五华国投债,2018-03-15
2012年湘潭市城市建设投资经营有限责任公司公司债券,122755,12潭城建,1280049,12潭城建债,2019-03-16
2012年双流兴城建设投资有限公司公司债券(品种一),122698,12双流01,1280050,12兴城债01,2019-03-16
2012年双流兴城建设投资有限公司公司债券(品种二),122699,12双流02,1280051,12兴城债02,2019-03-16
2012年三胞集团有限公司公司债券,122690,12三胞债,1280053,12三胞债,2019-03-19
2012年伊金霍洛旗宏泰城市建设投资有限责任公司市政项目建设债券,122708,12伊旗债,1280052,12伊旗城投债,2019-03-19
2012年成都新城西城市投资经营中心企业债券,122715,12蓉新城,1280054,12蓉新城西债,2019-03-19
2012年海门市城市发展投资有限公司公司债券,122706,12海门债,1280056,12海城投债,2019-03-20
2012年宣城市国有资产投资有限公司公司债券,122648,12宣国投,1280058,12宣城债,2019-03-20
2012年福建省龙岩交通国有资产投资经营有限公司公司债券,122719,12龙交投,1280055,12龙岩交投债,2022-03-19
2012年江苏交通控股有限公司公司债券,122705,12苏交通,1280057,12苏交通债,2017-03-20
2012年莆田市国有资产投资有限公司公司债券,122716,12莆田债,1280060,12莆田国投债,2019-03-21
2012年泰州市海陵资产经营有限公司公司债券,122714,12海陵债,1280061,12海陵债,2019-03-21
2012年怀化市城市建设投资有限公司市政项目建设债券,122661,12怀化债,1280064,12怀化债,2018-03-22
2012年佳木斯市新时代城市基础设施建设投资(集团)有限公司公司债券,122693,12佳城投,1280063,12佳城投债,2019-03-22
2008年常州市城市建设(集团)有限公司公司债券,122996,08常城建,088042,08常城建债,2015-09-24
2013年昆明滇池投资有限责任公司公司债券,124167,13滇投债,1380053,13滇投债,2020-02-01
2013年温州经济技术开发区国有资产经营有限公司公司债券,124125,13温经开,1380014,13温州经开债,2020-01-15
2013年克孜勒苏柯尔克孜自治州国有资产投资经营有限责任公司公司债券,124351,13克州债,1380278,13克州债,2020-09-16
2013年云南省公路开发投资有限责任公司公司债券,124135,13滇公投,1380012,13滇公路投债,2019-01-11
2012年秦皇岛开发区国有资产经营有限公司公司债券,122534,12秦开发,1280326,12秦开债,2019-10-17
2012年成都市兴锦城市建设投资有限责任公司公司债券,124230,12蓉兴锦,1280417,12兴锦债,2019-11-27
2013年九江富和建设投资有限公司公司债券,124203,13浔富和,1380126,13浔富和债,2019-03-19
2010年福建省能源集团有限责任公司公司债券,122862,10闽能源,1080152,10闽能源债,2017-12-02
2012年姜堰市国有资产投资集团有限公司公司债券,122753,12姜国资,1280427,12姜堰国投债,2019-12-03
2012年金湖县国有资产经营投资有限责任公司公司债券,124076,12金湖债,1280447,12金湖债,2018-12-07
2011年张家港保税区张保实业有限公司公司债券,122758,11张保债,1180185,11张保债,2018-12-15
2009年安庆市城市建设投资发展(集团)有限公司公司债券,122932,09宜城债,0980167,09宜城投债,2016-11-25
2002年中国移动通信企业债券(15年期),120203,02中移(15),7105,02中移动（2）,2017-10-28
2011年国家电网公司企业债券（第一期)(10年期),122770,11国网01,1180177,11国网债01,2021-12-08
2011年国家电网公司企业债券(第一期)(15年期),122771,11国网02,1180178,11国网债02,2026-12-08
2013年荆州经济技术开发区发展总公司企业债券,124406,13荆经开,1380330,13荆经开债,2020-12-09
2011年重庆市江津区华信资产经营(集团)有限公司市政项目建设债券,122841,11渝津债,1180002,11渝华信债,2018-01-06
2012年常熟市城市经营投资有限公司公司债券,122750,12常经营,1280006,12常熟经营债,2019-01-16
2013年山西煤炭运销集团有限公司公司债券,124350,13晋煤运,1380045,13晋煤销债,2023-01-28
2012年山西煤炭运销集团有限公司公司债券,122747,12晋煤运,1280007,12晋煤销债,2022-01-18
2013年溧阳市城市建设发展有限公司公司债券,124246,13溧城发,1380103,13溧城发债,2020-03-08
2012年延安城市建设投资开发有限责任公司企业债券,122740,12延城投,1280009,12延城投债,2017-02-08
2012年山东高速集团有限公司公司债券,122742,12鲁高速,1280010,12鲁高速债,2022-02-09
2012年柳州东城投资开发有限公司公司债券,122726,12柳东债,1280013,12柳州东城债,2019-02-15
2012年珠海华发集团有限公司市政项目建设债券,122743,12华发集,1280014,12华发集团债,2018-02-16
2012年辽宁方大集团实业有限公司公司债券(7年期),122746,12方大02,1280021,12辽方大债02,2019-02-22
2012年辽宁方大集团实业有限公司公司债券(6年期),122745,12方大01,1280020,12辽方大债01,2018-02-22
2012年九江市城市建设投资有限公司公司债券,122732,12九江债,1280023,12九城投债,2019-02-23
2012年晋江能源投资有限公司公司债券,122730,12晋江债,1280022,12晋江能源债,2018-02-23
2012年鄂尔多斯市东胜城市建设开发投资集团有限责任公司市政项目建设债券,122727,12东胜债,1280024,12东胜债,2018-02-28
2012年宁波城建投资控股有限公司市政项目建设债券,122720,12甬城投,1280025,12甬城投债,2018-03-01
2012年镇江新区经济开发总公司企业债券,122731,12镇经开,1280028,12镇江新区债,2019-03-01
2012年漳州市路桥经营有限公司公司债券,122692,12漳路桥,1280026,12漳州路桥债,2019-03-01
2013年梅州市康达公路建设有限公司公司债券,123011,13梅州债,1380265,13梅州债,2020-09-10
2012年葫芦岛市投资集团有限公司公司债券,122664,12葫芦岛,1280027,12葫芦岛债,2019-03-01
2012年鞍山市城市建设投资发展有限公司公司债券,122703,12鞍城投,1280029,12鞍山城投债,2019-03-05
2012年徐州经济技术开发区国有资产经营有限责任公司公司债券,122728,12徐经开,1280031,12徐州开发债,2019-03-07
2012年宿迁产业发展集团有限公司公司债券,122725,12宿产发,1280034,12宿产发债,2018-03-08
2012年淮安市水利资产经营有限公司公司债券,122722,12淮水利,1280032,12淮安水利债,2019-03-08
2012年中国航空技术国际控股有限公司公司债券(7年期),122712,12中航债,1280035,12中航国际债,2019-03-12
2012年泉州市路桥建设开发有限公司公司债券(7年期),122595,12泉州02,1280226,12泉州路桥债02,2019-08-07
2010年南昌市政公用投资控股有限责任公司公司债券,122894,10洪市政,1080086,10洪市政债,2017-08-03
2012年华盛江泉集团有限公司公司债券,122729,12江泉债,1280038,12江泉债,2019-03-12
2012年辽源市国有资产经营有限责任公司公司债券,122721,12辽国资,1280041,12辽源国资债,2019-03-13
2012年攀枝花市国有资产投资经营有限责任公司公司债券,122724,12攀国投,1280044,12攀国投,2022-03-13
2012年遵义市投资(集团)有限责任公司公司债券,122583,12遵投债,1280040,12遵义投资债,2019-03-13
2012年金坛市建设资产经营有限公司公司债券,122687,12金坛债,1280045,12金坛债,2019-03-14
2012年广西来宾市城市建设开发投资有限责任公司市政项目建设债券,122700,12来宾债,1280046,12来宾债,2019-03-14
2012年河南省郑州新区建设投资有限公司市政项目建设债券,122711,12郑新债,1280047,12郑新债,2019-03-14
2009年济南市城市建设投资有限公司公司债券,122975,09济城建,098038,09济城建债,2019-03-26
2009年永城煤电控股集团有限公司公司债券,122976,09永煤债,098041,09永煤债,2015-03-30
2009年昆山市创业控股有限公司公司债券,122973,09昆创控,098045,09昆创控债,2016-03-30
2013年景德镇市国有资产经营管理有限公司公司债券,124312,13景德镇,1380230,13景国资债,2020-06-25
2013年中国电力投资集团公司企业债券,124327,13中电投,1380239,13中电投债,2023-07-22
2012年昆明交通产业股份有限公司公司债券(5年期),122558,12昆交01,1280238,12昆交产债01,2017-08-17
2012年昆明交通产业股份有限公司公司债券(7年期),122559,12昆交02,1280239,12昆交产债02,2019-08-17
2013年武汉地产开发投资集团有限公司公司债券,124221,13武地产,1380137,13武地产债,2019-03-22
2009年中国长江三峡工程开发总公司企业债券(7年期),122971,09三峡02,098049,09三峡债02,2016-04-08
2009年中国长江三峡工程开发总公司企业债券(5年期),122970,09三峡01,098048,09三峡债01,2014-04-08
2009年绵阳市投资控股(集团)有限公司公司债,122972,09绵投控,098050,09绵阳投控债,2016-04-08
2011年厦门象屿集团有限公司公司债券,122789,11象屿债,1180132,11厦门象屿债,2018-07-08
2011年诸暨市城市建设投资发展有限公司公司债券,122790,11诸暨债,1180129,11诸暨债,2018-07-05
2012年泉州市泉港石化工业区建设发展有限公司公司债券,124129,12泉石建,1280108,12泉港石建债,2019-04-16
2009年杭州市城市建设投资集团有限公司公司债券,122968,09杭城投,098054,09杭城投债,2015-04-14
2009年潍坊市投资公司企业债券,122965,09潍投债,098056,09潍投债,2019-04-15
2009年昆明滇池投资有限责任公司公司债券,122966,09滇投债,098062,09昆明滇投债,2015-04-27
2009年岳阳市城市建设投资有限公司公司债券,122953,09岳城建,098071,09岳城建债,2015-04-30
2009年中国保利集团公司企业债券,122960,09保利集,098077,09保利集团债,2014-05-07
2009年南京市交通建设投资控股(集团)有限责任公司公司债券,122962,09宁交通,098076,09南京交通债,2016-05-07
2010年重庆交通旅游投资集团有限公司公司债券,122887,10渝交通,1080087,10渝交通债,2017-08-04
2009年清华控股有限公司公司债券,122959,09清控债,098086,09清华控股债,2016-05-19
2009年长沙经济技术开发有限公司公司债券,122958,09长经开,098091,09长经开债,2015-05-22
2009年武汉市城市建设投资开发集团有限公司公司债券,122961,09武城投,098092,09武城投债,2019-05-25
2009年湘潭市城市建设投资经营有限责任公司公司债券,122955,09潭城建,098095,09潭城建债,2015-06-01
2012年白城市中兴城市基础设施建设有限公司公司债券,122509,12白中兴,1280471,12白城债,2019-12-18
2009年成都工业投资集团有限公司公司债券,122957,09蓉工投,0980101,09蓉工投债,2016-06-04
2009年常州市武进城市建设投资有限责任公司公司债券,122954,09武进债,0980105,09武进城投债,2016-06-09
2009年赣州发展投资控股集团有限责任公司公司债券,122952,09赣州债,0980107,09赣州发展债,2016-06-16
2009年远洋地产有限公司公司债券,122579,09远洋债,0980110,09远洋地产债,2015-06-23
2012年新余市城市建设投资开发公司企业债券,124070,12新城投,1280463,12新城投,2019-12-13
2009年合肥市建设投资控股(集团)有限公司公司债券,122947,09合建投,0980117,09合肥建投债,2014-07-08
2009年常州投资集团有限公司公司债券,122949,09常投债,0980114,09常州投资债,2016-07-01
2009年无锡市交通产业集团有限公司企业债券,122948,09锡交债,0980116,09无锡交通债,2016-07-08
2009年扬州市城建国有资产控股(集团)有限责任公司公司债券,122946,09扬城建,0980121,09扬城建债,2016-07-23
2009年上虞市水处理发展有限责任公司公司债券,122945,09虞水债,0980122,09虞水债,2016-07-31
2009年天津城市基础设施建设投资集团有限公司公司债券(7年期),122980,09津投3,098028,09津城投3,2016-03-25
2009年天津城市基础设施建设投资集团有限公司公司债券(5年期),122979,09津投2,098027,09津城投2,2014-03-25
2013年大同煤矿集团有限责任公司公司债券,124285,13同煤集,1380178,13同煤债,2028-04-24
2011年山东泰丰矿业集团有限公司公司债券,122798,11泰矿债,1180123,11泰矿债,2018-06-22
2011年河北建设投资集团有限责任公司公司债券(品种二),122797,11冀投02,1180125,11冀建投债02,2024-06-27
2011年河北建设投资集团有限责任公司公司债券(品种一),122796,11冀投01,1180124,11冀建投债01,2021-06-27
2011年邯郸市城市建设投资有限公司企业债券,122792,11邯郸债,1180126,11邯郸城投债,2018-07-01
2013年郴州市新天投资有限公司湘江流域重金属污染治理公司债券,124323,13新天治,1380234,13新天治理债,2020-07-17
2013年新疆五家渠城市建设投资经营有限公司公司债券,124293,13农六师,1380204,13农六师债,2020-05-23
2011年扬州经济技术开发区开发总公司企业债券,122793,11扬开债,1180131,11扬州开发债,2016-07-07
2011年株洲高科集团有限公司公司债券,122856,11株高科,1180136,11株高科债,2018-08-18
2011年河南万基铝业股份有限公司公司债券,122829,11万基债,1180137,11万基债,2018-08-24
2011年渭南市城市建设投资开发有限责任公司公司债券(7年期),122806,11渭南02,1180113,11渭南债02,2018-06-08
2011年渭南市城市建设投资开发有限责任公司公司债券(6年期),122804,11渭南01,1180112,11渭南债01,2017-06-08
2011年焦作市建设投资(控股)有限公司公司债券,122801,11焦作债,1180114,11焦作建投债,2018-06-08
2011年辽阳城市资本经营有限公司公司债券,122802,11辽阳债,1180115,11辽阳债,2018-06-13
2011年陕西东岭工贸集团股份有限公司公司债券,122807,11东岭债,1180117,11陕东岭债,2017-06-14
2011年三明市国有资产投资经营公司企业债券,122788,11三明债,1180116,11三明国投债,2018-06-14
2011年龙口煤电有限公司公司债券,122800,11龙煤电,1180120,11龙煤电债,2018-06-17
2011年武汉国有资产经营公司企业债券,122799,11武国资,1180121,11武国资债,2018-06-17
2011年浙江吉利控股集团有限公司公司债券,122838,11吉利债,1180122,11吉利债,2018-06-21
2009年重庆龙湖企业拓展有限公司公司债券,122964,09龙湖债,098073,09龙湖债,2016-05-05
2012年联想控股有限公司公司债券,124044,12联想债,1280425,12联想债,2022-11-30
2013年萍乡市汇丰投资有限公司公司债券,124366,13汇丰投,1380288,13汇丰投资债,2020-10-11
2012年江苏省国信资产管理集团有限公司公司债券,122550,12苏国信,1280170,12江苏国信债,2017-06-08
2012年常州市武进城市建设投资有限责任公司公司债券,122641,12武进债,1280169,12武进城投债,2018-06-08
2012年芜湖经济技术开发区建设投资公司市政项目建设债券(品种一),122634,12芜开01,1280171,12芜湖经开债01,2018-06-08
2012年芜湖经济技术开发区建设投资公司市政项目建设债券(品种二),122635,12芜开02,1280172,12芜湖经开债02,2022-06-08
2012年江阴城市建设投资有限公司公司债券,122632,12江阴债,1280174,12江阴城投债,2019-06-11
2012年绍兴市城北新城建设投资有限公司公司债券,122639,12绍新城,1280173,12绍新城债,2018-06-11
2012年青州市宏源公有资产经营有限公司公司债券(7年期),122516,12青州01,1280339,12青州债01,2019-10-19
2012年青州市宏源公有资产经营有限公司公司债券(6年期),122517,12青州02,1280340,12青州债02,2018-10-19
2012年合肥海恒投资控股集团公司企业债券,122626,12海恒债,1280176,12合海恒债,2019-06-12
2012年仪征市城市建设发展有限公司公司债券,122640,12仪征债,1280178,12仪征债,2019-06-14
2012年锦州市城市建设投资发展有限公司公司债券,122622,12锦城债,1280177,12锦城投债,2019-06-13
2012年嘉兴经济技术开发区投资发展集团有限责任公司公司债券,122633,12嘉经债,1280180,12嘉兴经投债,2019-06-14
2012年重庆缙云资产经营(集团)有限公司公司债券,122614,12渝缙债,1280181,12渝缙云债,2019-06-18
2012年天津津南城市建设投资有限公司公司债券,122581,12津南城,1280182,12津南债,2019-06-18
2012年江苏连云发展集团有限公司公司债券,122636,12连发债,1280184,12连云发展债,2019-06-19
2012年昆明钢铁控股有限公司公司债券,122654,12昆钢控,1280135,12昆钢控股债,2020-04-26
2012年西宁城市投资管理有限公司公司债券,122672,12西城投,1280137,12西宁城投债,2019-04-27
2012年常熟市滨江城市建设经营投资有限责任公司公司债券,122676,12滨江债,1280140,12滨投债,2019-04-27
2012年南京江宁科学园发展有限公司公司债券,122677,12江宁债,1280141,12江宁债,2019-04-28
2012年铜陵市建设投资控股有限责任公司公司债券,122655,12铜建投,1280142,12铜陵建投债,2022-04-28
2012年乌鲁木齐国有资产经营有限公司公司债券,122592,12乌国资,1280143,12乌国资债,2018-04-28
2012年镇江市交通投资建设发展公司企业债券,122665,12镇交投,1280145,12镇江交投债,2019-05-08
2012年平顶山市发展投资公司企业债券,122629,12平发债,1280144,12平发投债,2019-05-08
2012年徐州市新盛建设发展投资有限公司公司债券,122670,12新盛债,1280146,12徐州新盛债,2018-05-08
2012年桂林市经济建设投资总公司企业债券,122669,12桂林债,1280147,12桂林债,2018-05-09
2012年绵阳科技城发展投资(集团)有限公司公司债券,122663,12科发债,1280148,12绵阳科发债,2019-05-15
2012年盘锦建设投资有限责任公司公司债券,122658,12盘锦债,1280150,12盘锦建设债,2019-05-17
2013年大连长兴岛开发建设投资有限公司公司债券,124151,13长兴岛,1380037,13长兴岛债,2020-01-25
2013年通辽市城市投资集团有限公司公司债券,124238,13通辽投,1380150,13通辽债,2020-04-09
2012年扬州市扬子江投资发展集团有限责任公司公司债券,122671,12扬子江,1280155,12扬子江债,2019-05-21
2012年海航资本控股有限公司公司债券,122643,12海资债,1280156,12海资债,2019-05-22
2012年山西国际电力集团有限公司公司债券,122631,12晋国电,1280158,12晋国电债,2022-05-24
2012年杨凌现代农业开发集团有限公司公司债券,122652,12杨农债,1280157,12杨农债,2019-05-23
2012年深圳市立业集团有限公司公司债券,124043,12深立业,1280437,12立业债,2018-12-03
2012年榆林市城市投资经营集团有限公司公司债券,124050,12榆城投,1280439,12榆城投债,2018-12-04
2012年榆林市城市投资经营集团有限公司公司债券,124863,12榆城投,1280439,12榆城投债,2018-12-04
2012年朝阳市建设投资有限公司公司债券,122642,12朝阳债,1280159,12朝阳建投债,2019-05-25
2012年南通市通州区惠通投资有限责任公司公司债券,122630,12惠投债,1280160,12惠投债,2019-05-28
2012年铁岭公共资产投资运营有限公司公司债券,122644,12铁岭债,1280162,12铁岭债,2018-05-29
2012年中国核工业集团公司企业债券(品种二),122647,12中核02,1280164,12中核债02,2022-05-30
2012年中国核工业集团公司企业债券(品种一),122646,12中核01,1280163,12中核债01,2022-05-30
2012年苏州工业园区地产经营管理公司企业债券,122645,12苏园建,1280165,12苏园建债,2019-05-30
2003年上海轨道交通建设债券,120301,03沪轨道,038003,03沪轨道债,2018-02-19
2013年乳山市城市国有资产经营有限公司公司债券,124346,13乳国资,1380271,13乳山国资债,2020-09-11
2011年兰州市城市发展投资有限公司市政项目建设债券,122768,11兰城投,1180186,11兰城投债,2018-12-15
2012年辽阳城市资本经营有限公司公司债券,124020,12辽城经,1280389,12辽阳债,2019-11-13
2011年通化市丰源投资开发有限公司市政项目建设债券,122754,11通化债,1180184,11通化债,2021-12-13
2012年鄂尔多斯市华研投资集团有限责任公司公司债券,124092,12鄂华研,1280468,12鄂华研债,2018-12-17
2012年河北建投交通投资有限责任公司公司债券,122713,12冀交通,1280080,12冀交通债,2022-03-27
2012年重庆市渝南资产经营有限公司公司债券,122718,12渝南债,1280067,12渝南债,2019-03-23
2012年江都市鑫源产业投资集团有限公司公司债券,122704,12江都债,1280072,12江都债,2019-03-23
2013年姜堰市城市建设投资发展有限公司公司债券,124396,13姜发展,1380238,13姜堰发展债,2020-09-03
2012年重庆市黔江区城市建设投资(集团)有限公司市政项目建设债券,122674,12渝黔江,1280070,12渝黔江债,2019-03-23
2012年重庆市涪陵区李渡新区开发有限公司市政项目建设债券,122673,12渝李渡,1280071,12渝李渡债,2019-03-23
2012年汕头市城市建设开发总公司企业债券,124057,12汕城开,1280068,12汕头城开债,2022-03-23
2012年上海新长宁(集团)有限公司公司债券,122578,12长宁债,1280237,12长宁债,2019-08-16
2012年绵阳市投资控股(集团)有限公司公司债券,122709,12绵阳债,1280075,12绵阳投控债,2019-03-26
2010年吴江经济技术开发区发展总公司企业债券,122881,10吴江债,1080171,10吴江发展债,2018-12-23
2012年济南市城市建设投资有限公司公司债券,122710,12济城建,1280074,12济城建债,2018-03-26
2012年宿迁市经济开发总公司企业债券,122689,12宿开发,1280078,12宿迁开发债,2019-03-26
2010年镇江市水利投资公司企业债券,122915,10镇水投,1080054,10镇江水投债,2017-05-06
2010年南通产业控股集团有限公司公司债券,122913,10通产控,1080061,10南通产控债,2016-05-18
2010年赤峰市城市基础设施投资开发有限公司公司债券,122902,10赤峰债,1080060,10赤城投债,2017-05-18
2010年宜兴市城市发展投资有限公司企业债券,122909,10宜兴债,1080063,10兴城投债,2016-05-20
2010年武汉高科国有控股集团有限公司公司债券,123006,10武高债,1080065,10武汉高科债,2020-05-24
2012年扬州化工产业投资发展有限公司公司债券,122678,12扬化工,1280127,12扬化工债,2019-04-25
2013年宿迁市城市建设投资有限公司公司债券,124409,13宿城投,1380345,13宿迁城投债,2020-10-29
2013年河源市城市开发投资有限公司公司债券,124214,13河城投,1380128,13河源城投债,2020-03-19
2010年郴州市城市建设投资经营有限责任公司公司债券,122921,10郴州债,1080004,10郴州债,2017-01-21
2010年江苏省太仓港港口开发建设投资公司企业债券,122917,10太仓港,1080007,10太仓港债,2020-01-21
2010年辽源市国有资产经营有限责任公司公司债券,122937,10辽源债,1080010,10辽源债,2017-01-26
2010年巢湖城市建设投资有限公司公司债券,122924,10巢湖债,1080012,10巢湖债,2017-01-28
2012年湖南昭山经济建设投资有限公司公司债券,124019,12湘昭投,1280461,12昭山经投债,2018-12-12
2010年北京汽车投资有限公司公司债券,122923,10北汽投,1080013,10北汽投债,2017-01-29
2010年龙源电力集团股份有限公司公司债券,122860,10龙源债,1080024,10龙源债,2017-02-09
2010年黄山市城市建设投资(集团)有限公司公司债券,122920,10黄山债,1080025,10黄山债,2017-02-09
2010年阜阳市城市建设投资有限公司公司债券,122918,10阜阳债,1080029,10阜阳城投债,2016-03-09
2010年南昌市红谷滩城市投资集团有限公司公司债券,122916,10红谷滩,1080031,10红谷城投债,2017-03-09
2010年山东省商业集团总公司企业债券,122919,10鲁商债,1080032,10鲁商债,2017-03-11
2010年漯河市城市建设投资有限公司公司债券,122910,10漯河债,1080041,10漯河城投债,2017-03-30
2010年南昌城市建设投资发展有限公司公司债券,122905,10南昌债,1080047,10南昌城投债,2017-04-30
2010年鞍山市城市建设投资发展有限公司公司债券,122911,10鞍城投,1080055,10鞍山城投债,2020-05-06
2013年宿州市建设投资有限责任公司公司债券,124250,13宿建投,1380163,13宿建投债,2020-04-17
2013年山东省鲁信投资控股集团有限公司公司债券,124251,13鲁信投,1380160,13鲁信集团债,2020-04-17
2013年安徽省南翔贸易(集团)有限公司公司债券,124274,13徽南翔,1380155,13南翔债,2019-04-11
2013年重庆三峡产业投资有限公司公司债券,124142,13渝三峡,1380029,13渝三峡债,2019-01-23
2012年愉悦家纺有限公司公司债券,124105,12愉悦债,1280473,12愉悦债,2018-12-20
2011年太仓市资产经营投资有限公司公司债券,122697,11太资债,1180201,11太仓资产债,2018-12-31
2012年惠安县国有资产投资经营有限公司公司债券,124329,12惠国投,1280316,12惠安国投债,2019-10-15
2012年黑龙江省鹤城建设投资发展有限公司公司债券,122590,12鹤城投,1280186,12鹤城投债,2022-06-21
2013年自贡市高新投资有限公司公司债券,124200,13自高新,1380116,13自贡高新债,2020-03-13
2013年山西潞安矿业(集团)有限责任公司公司债券(品种一),124258,13潞矿01,1380176,13潞矿债01,2023-04-25
2013年山西潞安矿业(集团)有限责任公司公司债券(品种二),124259,13潞矿02,1380177,13潞矿债02,2023-04-25
2013年海南金海浆纸业有限公司公司债券,124257,13海浆纸,1380158,13金海浆纸债,2020-04-15
2013年红河州公路开发经营有限责任公司公司债券,124265,13红河路,1380194,13红河公路债,2020-05-06
2013年天津滨海发展投资控股有限公司公司债券,124276,13津滨投,1380170,13津滨投债,2020-04-26
2013年重庆市双桥经济技术开发区开发投资集团有限公司公司债券,124278,13渝双桥,1380187,13渝双桥债,2020-04-26
2009年南京钢铁联合有限公司公司债券,122983,09南钢联,098016,09南钢联债,2016-02-27
2009年六安城市建设投资有限公司公司债券,122984,09六城投,098018,09六安城投债,2016-03-02
2012年昆明产业开发投资有限责任公司公司债券,124052,12昆产投,1280345,12昆明产投债,2019-10-23
2013年第一期普兰店市建设投资有限公司公司债券,124431,13普兰01,1380359,13普兰店债01,2020-11-19
2009年长春城市开发(集团)有限公司公司债券,122982,09长城开,098020,09长春城开债,2016-03-09
2009年铜陵市城市建设投资开发有限责任公司公司债券(6年期),122981,09铜城投,098021,09铜城投债01,2015-03-10
2013年库车城市建设投资(集团)有限公司公司债券(第一期),124441,13库车01,1380377,13库车城投债01,2020-12-09
2012年曲靖市公路建设开发有限责任公司公司债券,124072,12曲公路,1280362,12曲公路债,2019-10-26
2009年临海市基础设施投资有限公司公司债券,122931,09临海债,0980153,09临海债,2016-11-06
2013年天津市房地产开发经营集团有限公司公司债券,124357,13津房开,1380246,13天房债,2020-08-06
2012年兴化市城市建设投资有限公司公司债券,122522,12兴城建,1280350,12兴化债,2018-10-23
2013年哈尔滨高新技术产业开发区基础设施开发建设有限公司公司债券,123012,13哈高新,1380269,13哈高新债,2020-09-16
2013年江门市高新技术工业园有限公司公司债券,124417,13江高新,1380350,13江门高新债,2020-11-04
2012年浙江湖州环太湖集团有限公司公司债券,124119,12环太湖,1280421,12环太湖债,2019-11-28
2011年海城市城建投资有限公司市政项目建设债券,122794,11海城债,1180154,11海城债,2018-11-07
2009年苏州汾湖投资集团有限公司公司债券,122938,09汾湖债,0980144,09汾湖债,2017-10-22
2012年瑞安市国有资产投资集团有限公司公司债券,124027,12瑞国投,1280410,12瑞安债,2019-11-26
2012年玉林市城市建设投资有限公司市政项目建设债券,124029,12玉城投,1280414,12玉林城投债,2019-11-26
2009年海航集团有限公司公司债券,122927,09海航债,0980186,09海航债,2019-12-24
2012年江苏新海连发展集团有限公司公司债券,122585,12新海连,1280253,12新海连债,2020-08-27
2009年江苏新海连发展有限公司公司债券,123005,09新海连,0980155,09新海连债,2016-11-11
2013年遂宁发展投资有限责任公司公司债券,124260,13遂发展,1380184,13遂发展债,2020-04-25
2013年北京未来科技城开发建设有限公司公司债券,124361,13京科城,1380282,13京科技城债,2019-09-22
2012年咸宁市城市建设投资开发有限公司公司债券,122556,12咸宁投,1280261,12咸宁城投债,2018-08-31
2013年山东任城融鑫发展有限公司公司债券,124388,13任城债,1380316,13任城债,2020-10-18
2012年贵阳金阳建设投资(集团)有限公司公司债券,122521,12筑金阳,1280347,12金阳债,2018-10-24
2012年南京市城市建设投资控股(集团)有限责任公司公司债券,124030,12宁城投,1280409,12宁城建债,2018-11-26
2011年重庆市合川城市建设投资(集团)有限公司市政项目建设债券,122842,11合城债,1180003,11合川城投债,2018-01-06
2012年唐山市南湖生态城开发建设投资有限责任公司公司债券,122520,12唐城投,1280325,12唐山南湖债,2019-10-16
2011年重庆渝富资产经营管理有限公司公司债券,122846,11渝富债,1180029,11渝富债,2018-02-22
2013年闽西兴杭国有资产投资经营有限公司公司债券,124226,13闽兴杭,1380139,13闽西兴杭债,2019-03-26
2013年北京市朝阳区国有资本经营管理中心企业债券,124224,13朝国资,1380142,13朝国资债,2020-03-27
2013年泰州三福船舶工程有限公司公司债券,124218,13三福船,1380143,13三福船舶债,2019-03-27
2013年深圳市龙岗区投资管理有限公司公司债券,124275,13龙岗投,1380141,13龙岗区投债,2019-03-27
2013年江苏海州湾发展集团有限公司公司债券,124232,13苏海发,1380146,13苏海发债,2023-03-29
2012年国家电网公司企业债券(第二期)(10年期),124064,12国网04,1280400,12国网债04,2022-11-20
2012年国家电网公司企业债券(第二期)(7年期),124063,12国网03,1280399,12国网债03,2019-11-20
2013年六安城市建设投资有限公司公司债券(第一期),124439,13六安01,1380371,13六安债01,2020-12-02
2013年郑州交通建设投资有限公司公司债券,124368,13郑交投,1380297,13郑州交投债,2020-10-14
2010年太原重型机械集团有限公司公司债券,122853,10太重债,1080182,10太重债,2020-12-31
2011年宁海县城市建设投资开发有限公司公司债券,122605,11宁海债,1180202,11宁海城投债,2017-12-31
2003年中国电力投资集团公司企业债券,120306,03中电投,038014,03中电投债,2018-12-08
2013年烟台开发区国有资产经营管理公司企业债券,124241,13烟开发,1380152,13烟开发债,2020-04-10
2013年临沧市国有资产经营有限责任公司公司债券,124263,13临国资,1380153,13临沧债,2020-04-11
2013年贵阳铁路建设投资有限公司公司债券,124314,13筑铁路,1380224,13筑铁投债,2020-06-18
2013年苏泊尔集团有限公司公司债券,124256,13苏泊尔,1380154,13苏泊尔债,2020-04-11
2013年温州市交通投资集团有限公司公司债券,124315,13瓯交投,1380175,13瓯交投债,2020-04-22
2013年广州市番禺交通建设投资有限公司公司债券,124244,13番交投,1380156,13番禺交投债,2019-04-12
2013年新乡投资集团有限公司公司债券,124253,13新乡投,1380159,13新乡债,2020-04-15
2010年云南建工集团有限公司公司债券,124382,10云建工,1080146,10云建工债,2016-11-19
2012年哈尔滨合力投资控股有限公司公司债券,122502,12哈合力,1280305,12合力债,2018-09-26
2010年芜湖市建设投资有限公司公司债券(品种一),122906,10芜投01,1080079,10芜湖建投债01,2017-07-22
2012年云南祥鹏航空有限责任公司公司债券,124102,12滇祥航,1280466,12祥鹏航空债,2019-12-14
2013年福建闽北经济开发区投资开发有限公司公司债券,124338,13闽经开,1380245,13闽北经开债,2020-08-06
2013年重庆市城市建设投资(集团)有限公司公司债券,124339,13渝城投,1380201,13渝城投债,2020-05-21
2009年上海外高桥(集团)有限公司公司债券,122943,09外高桥,0980129,09外高桥债,2014-09-04
2012年宜兴市城市发展投资有限公司公司债券,122511,12宜兴债,1280308,12兴城投债,2019-10-10
2012年海南港航控股有限公司公司债券,122528,12琼港航,1280329,12港航债,2019-10-18
2012年湖南常德市德源投资开发有限公司公司债券,124016,12常德源,1280330,12常德德源债,2018-10-18
2011年吉林市城市建设控股集团有限公司市政项目建设债券,122821,11吉城建,1180050,11吉城建债,2018-03-03
2011年烟台市牟平区国有资产经营公司企业债券,122818,11牟平债,1180051,11牟平国资债,2019-03-04
2013年福建三明市城市建设投资集团有限公司公司债券,124359,13三明投,1380088,13三明城投债,2020-03-05
2013年绥芬河海融城市建设投资发展有限公司公司债券,124272,13绥芬河,1380192,13绥芬河债,2020-04-28
2011年海南省发展控股有限公司公司债券,122876,11海控债,1180015,11海控债,2018-01-20
2011年宁波交通投资控股有限公司公司债券,122847,11甬交投,1180022,11甬交投债,2021-02-10
2011年横店集团控股有限公司公司债券,122845,11横店债,1180017,11横店债,2021-01-27
2013年南通市经济技术开发区总公司企业债券,124280,13通经开,1380195,13通经开债,2020-05-17
2011年石家庄市城市建设投资控股集团有限公司市政项目建设债券,122867,11石城投,1180055,11石城投债,2021-03-09
2013年雅安发展投资有限责任公司公司债券,124384,13雅发投,1380275,13雅安发展债,2020-09-13
2013年安徽省池州市平天湖建设工程有限公司公司债券,124373,13平天湖,1380311,13平天湖债,2020-10-23
2011年牡丹江市国有资产投资控股有限公司公司债券,122834,11牡国投,1180025,11牡国投债,2018-02-15
2011年广西北部湾国际港务集团有限公司企业债券,122826,11北港债,1180073,11北部湾港债,2017-03-30
2011年高密市国有资产经营投资有限公司企业债券,122816,11高密债,1180074,11高密国投债,2018-04-08
2011年潍坊市东方国有资产经营管理有限公司市政项目建设债券,122820,11潍东方,1180077,11潍东方债,2018-04-12
2012年昆山市创业控股有限公司公司债券,124005,12昆创控,1280381,12昆创控,2019-11-07
2012年江苏省张家港经济开发区实业总公司企业债券,124036,12张经开,1280396,12张经开发债,2019-11-16
2010年天脊煤化工集团股份有限公司公司债券,122879,10天脊债,1080148,10天脊债,2017-11-25
2013年湘潭九华经济建设投资有限公司公司债券,124378,13湘九华,1380310,13湘潭九华债,2020-10-15
2009年河南投资集团有限公司企业债券,122969,09豫投债,098055,09豫投债,2019-04-15
2011年新奥(中国)燃气投资有限公司公司债券,122827,11新奥债,1180027,11新奥企债,2018-02-16
2011年新疆广汇实业投资(集团)有限责任公司公司债券,122815,11广汇债,1180082,11广汇集团债,2017-04-19
2011年东营市城市资产经营有限公司公司债券,122814,11东营债,1180089,11东营债,2018-04-20
2011年赣州城市开发投资集团有限责任公司公司债券,122833,11赣城债,1180094,11赣城债,2018-04-22
2011年常州市城市建设(集团)有限公司市政项目建设债券,122819,11常城建,1180095,11常城建债,2018-04-25
2012年宿迁市水务建设投资有限责任公司公司债券,124041,12宿水务,1280440,12宿迁水务债,2019-12-04
2011年中煤矿山建设集团有限责任公司公司债券,122824,11中煤建,1180063,11中煤矿建债,2018-03-15
2011年沈阳农业高新区国有资产经营有限公司公司债券,122830,11沈国资,1180065,11沈国资债,2019-03-16
2013年盐城市亭湖区公有资产投资经营公司企业债券,124429,13亭公投,1380365,13亭湖公投债,2020-11-15
2011年三门峡市财经投资公司公司债券,122817,11三门峡,1180097,11三门峡债,2018-04-25
2011年诸城市经济开发投资公司企业债券,122795,11诸城债,1180099,11诸城开投债,2018-04-26
2012年长沙先导投资控股有限公司公司债券,124081,12长先导,1280452,12长沙先导债,2019-12-10
2011年汉中市城市建设投资开发有限公司市政项目建设债券,122822,11汉中债,1180060,11汉中债,2018-03-14
2011年上海外滩投资开发(集团)有限公司公司债券,122864,11外滩债,1180058,11外滩债,2018-03-11
2013年江阴临港新城开发建设有限公司公司债券,124426,13澄港城,1380351,13江阴港城债,2020-11-07
2012年泉州台商投资区开发建设有限责任公司公司债券,124120,12泉台商,1280453,12泉州台商债,2019-12-10
2011年泰州鑫泰集团有限公司公司债券,122839,11鑫泰债,1180034,11鑫泰债,2018-02-23
2013年瓦房店市国有资产经营管理中心企业债券,124305,13瓦国资,1380221,13瓦国资债,2020-06-20
2011年江苏武进经济发展集团有限公司公司债券,122837,11武经发,1180035,11武进经发债,2018-02-24
2011年抚州市投资发展有限公司公司债券,122828,11抚州债,1180042,11抚州债,2018-02-28
2013年商洛市城市建设投资开发有限公司公司债券(7年期),124353,13商洛01,1380240,13商洛债01,2020-09-09
2011年盐城市城南新区开发建设投资有限公司公司债券,122767,11盐城南,1180189,11盐城城南债,2018-12-16
2013年商洛市城市建设投资开发有限公司公司债券(6年期),124354,13商洛02,1380270,13商洛债02,2019-09-09
2011年绥化市鑫源城市建设投资发展有限公司公司债券,122843,11绥化债,1180040,11绥化城投债,2018-02-28
2011年泸州市兴泸投资集团有限公司公司债券,122835,11兴泸债,1180045,11兴泸债,2021-03-01
2011年盘锦建设投资有限责任公司公司债券,122836,11盘锦债,1180043,11盘锦建投债,2018-03-01
2012年重庆市渝兴建设投资有限公司公司债券,124091,12渝兴债,1280449,12渝兴债,2019-12-10
2009年铁岭公共资产投资运营有限公司公司债,122928,09铁岭债,0980183,09铁岭债,2019-12-22
2011年贵阳市城市建设投资(集团)有限公司市政项目建设债券,122844,11筑城投,1180009,11筑城投债,2018-01-12
2011年新余市城市建设投资开发公司企业债券,122849,11新余债,1180008,11新余债,2018-01-11
2011年华泰集团有限公司公司债券,122850,11华泰债,1180047,11华泰债,2018-03-02
2011年泰安市泰山投资有限公司公司债券,122832,11泰山债,1180048,11泰山债,2018-03-02
2011年重庆市永川区惠通建设发展有限公司市政项目建设债券,122831,11惠通债,1180061,11永川惠通债,2018-03-14
2011年淮北市建设投资有限责任公司公司债券,122812,11淮北债,1180059,11淮北建投债,2018-03-14
2010年江苏交通控股有限公司公司债券,122908,10苏交通,1080068,10苏交通债,2016-06-01
2010年上海杨浦城市建设投资(集团)有限公司公司债券(固定利率),122899,10杨浦01,1080081,10杨浦投债01,2017-07-28
2010年攀枝花市国有资产投资经营有限责任公司企业债券,122898,10攀国投,1080083,10攀国投债,2020-07-29
2012年牡丹江市国有资产投资控股有限公司公司债券,122573,12牡国投,1280258,12牡国投债,2019-08-30
2010年云南省投资控股集团有限公司公司债券,122886,10云投债,1080095,10云投债,2017-08-24
2011年景德镇市国有资产经营管理有限公司市政项目建设债券,122825,11景德镇,1180071,11景德镇国资债,2018-03-23
2012年达州市投资有限公司公司债券,124098,12达投资,1280481,12达州投资债,2019-12-25
2011年中山中汇投资集团有限公司公司债券,122854,11中汇债,1180069,11中汇集团债,2018-03-23
2010年重庆大晟资产经营(集团)有限公司公司债券,122870,10渝大晟,1080069,10渝大晟债,2017-06-02
2010年盐城东方投资开发集团有限公司公司债券,122903,10盐东方,1080070,10盐城东方债,2017-06-08
2010年营口市城市建设投资发展有限公司公司债券,122901,10营口债,1080071,10营口债,2020-06-09
2012年大庆高新国有资产运营有限公司公司债券,124051,12庆高新,1280445,12庆高新债,2019-12-05
2012年内蒙古高等级公路建设开发有限责任公司公司债券,124002,12蒙高路,1280388,12蒙路债,2019-11-12
2012年巢湖市城镇建设投资有限公司公司债券,124104,12巢城投,1280478,12巢湖城投债,2019-12-24
2012年吉林市铁路投资开发有限公司公司债券,122604,12吉铁投,1280187,12吉林铁投债,2019-06-26
2012年乐清市国有投资有限公司公司债券,122610,12乐清债,1280189,12乐清债,2019-06-29
2012年大连旅顺建设发展投资有限公司公司债券,122623,12旅建债,1280191,12旅顺建发债,2019-07-02
2012年升华集团控股有限公司公司债券,122625,12升华债,1280190,12升华债,2019-07-02
2013年永州市城市建设投资开发公司企业债券,124394,13永城投,1380309,13永州城投债,2020-10-23
2009年常州高新技术产业开发区发展(集团)总公司企业债券,122956,09常高新,0980100,09常高新债,2019-06-04
2013年常州高新技术产业开发区发展(集团)总公司企业债券,124243,13常高新,1380136,13常高新债,2020-03-21
2009年九江市城市建设投资有限公司公司债券,122929,09九江债,0980177,09九城投债,2016-12-18
2013年江苏福如东海发展集团有限公司公司债券,124349,13福东海,1380267,13福如东海债,2020-09-13
2012年广西百色开发投资集团有限公司公司债券,122615,12百色债,1280193,12百色开投债,2019-07-04
2012年内江投资控股集团有限公司公司债券,122576,12内江债,1280211,12内江投资债,2018-07-19
2012年北京建工集团有限责任公司公司债券,122627,12京建工,1280197,12北京建工债,2019-07-05
2012年伊春市城市建设投资开发有限责任公司公司债券,122562,12伊春债,1280213,12伊城投债,2019-07-24
2012年滨州市滨城区经济开发投资有限公司公司债券,122624,12滨开债,1280198,12滨开债,2019-07-05
2012年荆门市城市建设投资公司市政项目建设债券,122598,12荆门债,1280200,12荆门债,2022-07-09
2012年赣州城市开发投资集团有限责任公司公司债券,122621,12赣城债,1280201,12赣城债,2018-07-10
2012年迁安市兴源水务产业投资有限公司公司债券,122619,12迁安债,1280203,12迁安债,2018-07-11
2012年东台市交通投资建设集团有限公司公司债券,122628,12东投债,1280196,12东台交投债,2018-07-05
2012年重庆市永川区惠通建设发展有限公司公司债券,122526,12永川惠,1280324,12渝惠通债,2019-10-16
2012年冀东发展集团有限责任公司公司债券,122548,12冀东债,1280286,12冀东发展债,2019-09-13
2012年成都经济技术开发区建设发展有限公司公司债券(6年期),122611,12蓉经01,1280206,12蓉经开债01,2018-07-17
2012年成都经济技术开发区建设发展有限公司公司债券(7年期),122612,12蓉经02,1280207,12蓉经开债02,2019-07-17
2011年舟山市交通投资公司企业债券,122823,11舟山债,1180091,11舟山交投债,2018-04-20
2013年第二期国家电网公司企业债券(品种二),124411,13国网04,1380319,13国网债04,2028-10-23
2012年上海嘉定工业区开发(集团)有限公司公司债券,122525,12沪嘉开,1280312,12沪嘉开债,2018-10-10
2012年重庆西永微电子产业园区开发有限公司公司债券,122608,12西永债,1280215,12西永微电债,2019-07-25
2012年白山市城市建设投资开发有限公司公司债券,122601,12白山债,1280221,12白山债,2019-07-31
2012年铜仁市梵净山投资有限公司公司债券,122599,12梵投债,1280222,12梵投债,2019-08-02
2011年天津滨海新区建设投资集团有限公司市政项目建设债券(10年期),122774,11滨海02,1180168,11滨海建投债02,2021-11-23
2012年泰州鑫泰集团有限公司公司债券,122600,12鑫泰债,1280229,12鑫泰债,2018-08-14
2012年上海临港经济发展(集团)有限公司公司债券,124084,12沪临港,1280448,12沪临港债,2019-12-10
2013年葫芦岛市投资集团有限公司公司债券(10年期),124391,13葫岛02,B05110,13葫芦岛债02,2023-10-18
2013年湛江市基础设施建设投资集团有限公司公司债券,124387,13湛基投,1380312,13湛江基投债,2020-10-21
2012年上海松江城镇建设投资开发有限公司公司债券,122602,12松城投,1280234,12松江债,2018-08-15
2012年毕节市信泰投资有限公司公司债券,122589,12毕信泰,1280242,12毕节信泰债,2019-08-20
2009年吉安市城市建设投资开发公司企业债券,122939,09吉安债,0980148,09吉安城投债,2016-10-28
2012年肥城市城市资产经营有限公司公司债券,122575,12肥城债,1280230,12肥城资债,2018-08-14
2012年遵义市国有资产投融资经营管理有限责任公司公司债券,124090,12遵国投,1280485,12遵国投债,2019-12-26
2012年赣州开发区建设投资(集团)有限公司公司债,124089,12赣开债,1280483,12赣开债,2018-12-26
2012年东台市城市建设投资发展有限公司公司债,124088,12东台债,1280484,12东台债,2019-12-26
2012年保山市国有资产经营有限责任公司公司债券,124079,12保国资,1280454,12保山债,2019-12-10
2012年萍乡市城市建设投资发展公司企业债券,124058,12萍乡债,1280451,12萍乡债,2019-12-10
2013年郴州高科投资控股有限公司湘江流域重金属污染治理公司债券,124399,13郴高科,1380321,13郴高科债,2020-10-21
2012年遵义市道路桥梁工程有限责任公司公司债券,122587,12遵桥债,1280241,12遵义道桥债,2020-08-17
2013年唐山曹妃甸发展投资集团有限公司公司债券,124380,13曹妃甸,1380292,13曹妃甸债,2020-10-15
2012年靖江市滨江新城投资开发有限公司市政项目建设债券,122510,12靖新城,1280349,12靖江新城债,2018-10-23
2012年大庆市城市建设投资开发有限公司公司债券,122515,12庆城投,1280344,12大庆债,2019-10-23
2012年宝钛集团有限公司公司债券,122597,12宝钛债,1280245,12宝钛集团债,2018-08-21
2012年上海城开(集团)有限公司公司债券,122596,12沪城开,1280246,12上海城开债,2018-08-21
2012年益阳市城市建设投资开发有限责任公司公司债券,122588,12益城投,1280250,12益阳城投债,2019-08-24
2012年常州市交通产业集团有限公司公司债券,122591,12常交债,1280247,12常交通债,2019-08-21
2012年淄博市城市资产运营有限公司公司债券,122560,12淄城运,1280249,12淄博城运债,2019-08-22
2012年重庆北飞实业有限公司公司债券,124116,12渝北飞,1280482,12重庆北飞债,2019-12-25
2012年淮安市城市资产经营有限公司公司债券,124096,12淮城资,1280488,12淮城资债,2019-12-26
2012年珠海水务集团有限公司公司债券,124003,12珠水务,1280252,12珠海水务债,2018-08-27
2012年中山市交通发展集团有限公司公司债券,122586,12中交通,1280254,12中山交通债,2018-08-28
2010年寿光市金财公有资产经营有限公司企业债券,122892,10寿光债,1080103,10寿光债,2020-09-01
2012年松原市城市开发建设有限责任公司公司债券,122584,12松城开,1280256,12松原城开债,2019-08-29
2010年沈阳煤业(集团)有限责任公司公司债券,122868,10沈煤债,1080168,10沈煤债,2017-12-21
2011年本溪市城市建设投资发展公司公司债券,122744,11本溪债,1180192,11本溪债,2021-12-22
2012年广西交通投资集团有限公司公司债券,124302,12桂交投,1280455,12桂交投债,2022-12-11
2013年四川成阿发展实业有限公司公司债券,124360,13成阿债,1380272,13成阿债,2020-09-12
2013年河北广电信息网络集团股份有限公司公司债券,124401,13冀广网,1380333,13冀广网络债,2021-10-23
2012年曲靖市开发投资有限责任公司公司债券,122547,12曲靖投,1280270,12曲靖债,2019-09-06
2013年海宁市尖山新区开发有限公司公司债券,124421,13海新区,1380353,13海宁新区债,2020-11-04
2011年天津滨海新区建设投资集团有限公司市政项目建设债券(5年期),122773,11滨海01,1180167,11滨海建投债01,2016-11-23
2011年江苏中能硅业科技发展有限公司公司债券,122783,11苏中能,1180160,11苏中能债,2018-11-15
2013年蚌埠市城市投资控股有限公司公司债券,124358,13蚌城投,1380266,13蚌埠城投债,2020-09-11
2013年石家庄市建设投资集团有限责任公司公司债券,124347,13石建投,1380264,13石建投债,2020-09-09
2012年春和集团有限公司公司债券,122683,12春和债,1280120,12春和债,2018-04-24
2013年天津宝星工贸有限公司公司债券,124405,13宝工债,1380307,13宝工债,2020-10-17
2013年湖北省供销合作社社有资产经营管理公司企业债券,124375,13鄂供销,1380296,13鄂供销债,2019-10-10
2012年贵州盘江投资控股(集团)有限公司公司债券,124121,12盘江债,1280491,12盘江债,2019-12-28
2012年绍兴迪荡新城投资发展有限公司公司债券,124040,12绍迪荡,1280444,12绍迪荡,2018-12-05
2012年潍坊东兴建设发展有限公司公司债券,124021,12潍东兴,1280407,12东兴债,2019-11-20
2012年国家电网公司企业债券(第一期)(10年期),122666,12国网01,1280106,12国网债01,2022-04-17
2012年国家电网公司企业债券(第一期)(15年期),122667,12国网02,1280107,12国网债02,2027-04-17
2013年西安投资控股有限公司公司债券,124208,13西投债,1380127,13西投债,2023-03-19
2013年云南省投资控股集团有限公司公司债券,124300,13云投控,1380205,13云投债,2018-05-24
2013年海拉尔区城市基础设施投资开发置业有限责任公司公司债券,124279,13海拉尔,1380197,13海拉尔债,2020-05-14
2013年长沙市轨道交通集团有限公司公司债券,124290,13长轨交,1380179,13长沙轨道债,2023-04-23
2013年江苏华靖资产经营有限公司公司债券,124294,13苏华靖,1380199,13华靖债,2020-05-16
2011年重庆轻纺控股(集团)公司公司债券,122855,11渝轻纺,1180012,11渝轻纺债,2018-01-12
2011年泰豪集团有限公司公司债券,122759,11泰豪债,1180195,11泰豪集团债,2018-12-27
2005年中国电力投资集团公司企业债券,120516,05中电投,058016,05中电投债,2015-07-12
2013年山东泰丰矿业集团有限公司公司债券,124187,13泰矿债,1380113,13泰矿债,2020-03-12
2013年国家电网公司企业债券(第一期)(15年期),124154,13国网02,1380025,13国网债02,2028-01-23
2013年国家电网公司企业债券(第一期)(7年期),124153,13国网01,1380024,13国网债01,2020-01-23
2013年深圳市地铁集团有限公司公司债券(第一期),124234,13鹏铁01,1380138,13鹏地铁债01,2023-03-25
2013年重庆大足国有资产经营管理集团有限公司公司债券,124269,13渝大足,1380189,13渝大足债,2020-04-26
2013年福建省南平市高速公路有限责任公司公司债券,124201,13南高速,1380039,13南平高速债,2020-01-28
2013年常德市城市建设投资集团有限公司公司债券,124172,13常城投,1380066,13常德城投债,2020-02-25
2013年沈阳市苏家屯区城乡建设投资有限公司公司债券,124313,13苏家屯,1380220,13苏家屯债,2020-06-20
2013年晋江市城市建设投资开发有限责任公司公司债券,124264,13晋城投,1380186,13晋江城投债,2020-04-26
2013年泉州市城建国有资产投资有限公司公司债券,124134,13泉城投,1380011,13泉州城投债,2020-01-11
2013年海航集团有限公司公司债券,124286,13海航债,1380157,13海航债,2020-04-15
2013年眉山市宏大建设投资有限责任公司公司债券,124308,13眉宏大,1380219,13眉山债,2020-06-19
2013年重庆市綦江区东部新城开发建设有限公司公司债券,124180,13綦东开,1380049,13綦江东开债,2020-01-29
2010年北京市朝阳区国有资本经营管理中心企业债券(6年期),124197,10朝资01,1080014,10朝国资债01,2016-02-01
2010年北京市朝阳区国有资本经营管理中心企业债券(7年期),124198,10朝资02,1080015,10朝国资债02,2017-02-01
2012年乌鲁木齐城市建设投资有限公司公司债券,122620,12乌城投,1280199,12乌城投债,2019-07-09
2013年兖州市惠民城建投资有限公司公司债券,124291,13兖城投,1380207,13兖城投债,2021-05-28
2012年滁州市城市建设投资有限公司公司债券,124023,12滁城投,1280411,12滁州城投债,2019-11-23
2009年厦门海沧投资总公司企业债券,124372,09海投债,098069,09海投债,2016-04-30
2012年天津新技术产业园区武清开发区总公司企业债券,122691,12武清债,1280085,12武清经开债,2019-03-27
2012年合肥桃花工业园经济发展有限公司公司债券,122662,12合桃花,1280086,12合桃花债,2019-03-27
2013年上海陈家镇建设发展有限公司公司债券,124422,13崇明债,1380354,13崇明债,2019-11-06
2013年北京金利源国有资产经营管理中心企业债券,124412,13金利源,1380338,13金利源债,2020-10-28
2013年重庆市南发城建发展有限公司公司债券,124268,13渝南发,1380191,13渝南发债,2020-04-27
2013年泰州市交通产业集团有限公司公司债券,124199,13泰交债,1380108,13泰交债,2020-03-11
2013年上海金外滩(集团)发展有限公司公司债券,124271,13金外滩,1380173,13金外滩债,2020-04-24
2009年黑龙江省鹤城建设投资发展有限公司公司债券,122936,09鹤城投,0980160,09鹤城投债,2016-11-17
2013年常熟市发展投资有限公司公司债券,124254,13常熟发,1380172,13常熟发投债,2020-04-19
2013年华盛江泉集团有限公司公司债券,124296,13盛江泉,1380210,13江泉债,2020-05-31
2013年石家庄市地产集团有限公司公司债券,124281,13石地产,1380174,13石地产债,2020-05-15
2013年江苏金灌投资发展集团有限公司公司债券,124148,13金灌债,1380040,13金灌债,2019-01-28
2012年衡阳市城市建设投资有限公司公司债券,122593,12衡城投,1280228,12衡阳城投债,2019-08-13
2013年重庆西部现代物流产业园区开发建设有限责任公司公司债券,124376,13渝物流,1380317,13渝西物流债,2020-10-18
2013年资阳市水务投资有限责任公司公司债券,124389,13资水务,1380325,13资阳水务,2020-10-21
2013年新疆金特钢铁股份有限公司公司债券,124287,13金特债,B04303,13金特债,2020-05-23
2013年楚雄州开发投资有限公司公司债券,124262,13楚雄投,1380145,13楚雄开投债,2020-03-29
2012年泰兴市中兴国有资产经营投资有限公司公司债券,122707,12泰兴债,1280087,12泰兴债,2018-03-27
2012年海安县城建开发投资有限责任公司公司债券,122702,12海安债,1280088,12海安债,2018-03-28
2012年杭州余杭城市建设集团有限公司公司债券,122701,12余城建,1280091,12余城建债,2019-03-29
2012年云南白药控股有限公司公司债券,122686,12白药债,1280094,12白药债,2019-03-30
2012年巴彦淖尔市河套水务集团有限公司公司债券,122679,12河套债,1280097,12河套水务债,2022-03-31
2012年乌海市城市建设投资集团有限责任公司公司债券,122613,12乌海债,1280096,12乌海城投债,2019-03-31
2012年长沙县星城建设投资有限公司公司债券,122649,12长建投,1280098,12长建投债,2019-04-06
2013年广州越秀集团有限公司公司债券,124179,13广越秀,1380079,13广州越秀债,2020-02-28
2013年重庆市合川工业投资(集团)有限公司公司债券,124304,13合川投,1380218,13合川工投债,2020-06-17
2013年信阳市弘昌管道燃气工程有限责任公司公司债券,124309,13弘燃气,1380227,13弘昌燃气债,2020-06-20
2012年重庆市合川农村农业投资(集团)有限公司市政项目建设债券,122681,12合农投,1280079,12合川农投债,2018-04-10
2012年阿拉尔统众国有资产经营有限责任公司公司债券,122618,12统众债,1280103,12统众债,2022-04-11
2012年昆明市城建投资开发有限责任公司市政项目建设债券,122680,12昆建债,1280105,12昆建债,2018-04-13
2012年杭州市城市建设投资集团有限公司公司债券,122675,12杭城投,1280131,12杭城投债,2018-04-25
2012年重庆市地产集团有限公司公司债券,122607,12渝地产,1280128,12渝地产债,2019-04-25
2008年重庆交通旅游投资集团有限公司公司债券,122989,08渝交通,088067,08渝交通债,2015-12-10
2013年江苏大丰海港控股集团有限公司公司债券,124277,13大丰港,1380196,13大丰港债,2020-05-08
2012年合肥高新建设投资集团公司市政项目建设债券,122684,12合高新,1280066,12合肥高新债,2019-03-22
2012年贵州铁路投资有限责任公司公司债券,122616,12黔铁债,1280084,12黔铁投债,2022-03-27
2012年营口市城市建设投资发展有限公司公司债券,122682,12营口债,1280111,12营口债,2020-04-18
2012年青岛华通国有资本运营(集团)有限责任公司公司债券,122688,12华通债,1280110,12华通债,2019-04-18
2012年重庆市兴荣国有资产经营管理有限公司市政项目建设债券,122694,12兴荣债,1280113,12兴荣债,2019-04-19
2012年吉安市城市建设投资开发公司企业债券,122685,12吉城投,1280116,12吉安城投债,2019-04-20
2012年合肥鑫城国有资产经营有限公司公司债券,122637,12鑫城债,1280117,12鑫城债,2019-04-23
2012年凉山州国有投资发展有限责任公司公司债券,122668,12凉国投,1280118,12凉国投债,2019-04-23
2012年江苏苏海投资集团有限公司公司债券,124080,12苏海投,1280382,12苏海集团债,2019-11-07
2013年上虞杭州湾新区城市建设投资发展有限公司公司债券,124370,13虞新区,1380295,13虞新区债,2020-10-11
2013年如皋市交通投资发展有限公司公司债,124210,13皋投债,1380052,13皋投债,2020-02-01
2013年天瑞集团水泥有限公司公司债券,124161,13瑞水泥,1380054,13天瑞水泥债,2021-02-04
2013年成都文化旅游发展集团有限责任公司公司债券,124163,13蓉文旅,1380057,13蓉文旅债,2020-02-19
2013年南昌城市建设投资发展有限公司公司债券,124123,13南城投,1380058,13南昌城投债,2020-02-20
2012年甘肃省农垦集团有限责任公司公司债券,122756,12甘农垦,1280001,12甘农垦债,2019-01-06
2012年长兴城市建设有限公司公司债券,124111,12长城建,1280426,12长兴债,2019-11-30
2012年郑州城建集团投资有限公司公司债券,124034,12郑城投,1280436,12郑州城投债,2019-12-03
2011年中国泛海控股集团有限公司公司债券(品种二),122765,11泛海02,1180183,11中国泛海债02,2021-12-13
2002年江苏交通控股有限公司企业债券,120204,02苏交通,7110,02苏交通债,2017-12-12
2013年邯郸市交通建设有限公司公司债券,124252,13邯交通,1380168,13邯郸交通债,2021-04-18
2013年临汾市投资集团有限公司公司债券,124298,13临汾投,1380206,13临汾投资债,2020-05-23
2011年临汾市投资建设开发有限公司市政项目建设债券,122840,11临汾债,1180030,11临汾投建债,2019-02-22
2013年大石桥市城市建设投资有限公司公司债券,124249,13大城投,1380059,13大石桥债,2020-02-21
2013年浙江省德清县交通投资集团有限公司公司债券,124213,13德清债,1380063,13德清债,2020-02-22
2013年天津广成投资集团有限公司公司债券,124183,13津广成,1380060,13津广成债,2023-02-22
2013年建湖县城市建设投资有限公司公司债券,124164,13建城投,1380061,13建湖债,2020-02-22
2013年厦门市杏林建设开发公司企业债券,124170,13厦杏林,1380062,13厦门杏林债,2020-02-22
2013年南昌市政公用投资控股有限责任公司公司债券,124165,13洪市政,1380064,13洪市政债,2020-02-25
2012年山东新查庄矿业有限责任公司公司债券,124216,12新查矿,1280464,12新查矿债,2019-12-13
2012年宝鸡市投资(集团)有限公司公司债券,124097,12宝投资,1280486,12宝城投债,2018-12-26
2013年陕西有色金属控股集团有限责任公司公司债券,124173,13陕有色,1380067,13陕有色债,2019-02-26
2013年天津城市基础设施建设投资集团有限公司公司债券,124204,13津城投,1380065,13津城投债,2023-02-26
2013年西安高新控股有限公司公司债券,124217,13西高新,1380074,13西安高新债,2019-02-26
2013年长治市投资建设开发有限公司公司债券,124171,13长投建,1380069,13长投建债,2020-02-26
2013年祥源控股集团有限责任公司公司债券,124206,13祥源债,1380072,13祥源债,2020-02-26
2012年台州市黄岩区国有资产经营有限公司公司债券,124127,12黄国资,1280470,12黄岩国资债,2018-12-17
2012年淮北市建投控股集团有限公司公司债券,124075,12淮建投,1280469,12淮北建投集团债,2018-12-17
2013年第二期国家电网公司企业债券(品种一),124410,13国网03,B05141,13国网债03,2020-10-23
2013年华峰集团有限公司公司债券,124169,13华峰债,1380068,13华峰债,2020-02-26
2013年江门市滨江建设投资有限公司公司债券,124166,13江滨投,1380078,13江门债,2020-02-28
2012年喀什城建投资集团有限公司公司债券,124093,12喀城投,1280416,12喀什建投债,2019-11-27
2013年中国宜兴环保科技工业园发展总公司企业债券,124423,13宜环科,1380326,13宜环科债,2020-10-18
2011年吴江市东方国有资产经营有限公司公司债券,122762,11吴江债,1180175,11吴国资债,2018-12-05
2012年新疆维吾尔自治区新业国有资产经营有限责任公司公司债券,122552,12新新业,1280236,12新业国资债,2019-08-15
2012年上海闵行城市建设投资开发有限公司公司债券,124433,12沪闵行,1280343,12沪闵行债,2019-10-23
2002年中国长江三峡工程开发总公司企业债券,120201,02三峡债,7103,02三峡债,2022-09-20
2013年滁州市同创建设投资有限责任公司公司债券,124103,13同创债,1380002,13滁州同创债,2020-01-09
2013年南通市港闸区国有资产经营总公司企业债券,124139,13通港闸,1380003,13通港闸债,2020-01-09
2013年邹城市城市资产经营有限公司公司债券,124188,13邹城资,1380111,13邹城债,2019-03-12
2012年福州建工(集团)总公司企业债券,124077,12榕建工,1280450,12榕建总债,2019-12-10
2010年湘潭九华经济建设投资有限公司企业债券,122857,10九华债,1080165,10湘潭九华债,2016-12-16
2012年成都高新投资集团有限公司公司债券,124055,12蓉高投,1280403,12蓉高投,2019-11-20
2013年河南盛润控股集团有限公司公司债券,124112,13豫盛润,1380006,13豫盛润债,2019-01-10
2013年盘锦石油高新技术产业园开发建设有限责任公司公司债券,124157,13盘高新,1380007,13盘锦高新债,2020-01-10
2013年安顺市国有资产管理有限公司公司债券,124131,13安国资,1380008,13安顺国资债,2020-01-10
2013年北京粮食集团有限责任公司公司债券,124222,13京粮食,1380130,13京粮债,2019-03-20
2013年合肥市工业投资控股有限公司公司债券,124240,13合工投,1380129,13合工投债,2020-03-20
2013年临海市基础设施投资有限公司公司债券,124231,13临海投,1380133,13临海债,2020-03-21
2012年株洲市云龙发展投资控股集团有限公司公司债券,124054,12株云龙,1280401,12株云龙债,2019-11-19
2012年河南铁路投资有限责任公司公司债券,124031,12豫铁投,1280405,12豫铁投债,2022-11-19
2013年太仓市城市建设投资集团有限公司公司债券,124136,13太城投,1380010,13太仓城投债,2020-01-11
2013年海宁市资产经营公司公司债券,124185,13海宁债,1380086,13海宁债,2020-03-06
2013年文登市城市资产经营有限公司公司债券,124193,13文城资,1380095,13文登债,2020-03-06
2012年江苏省锡山经济开发区开发总公司企业债券,122519,12锡经开,1280376,12锡山债,2019-11-01
2012年江苏省南京浦口经济开发总公司企业债券,122540,12宁浦口,1280307,12浦口债,2019-10-08
2004年北京市基础设施投资有限公司债券,120488,04京地铁,048016,04京地铁,2014-12-15
2013年陕西东岭工贸集团有限公司公司债券,124130,13陕东岭,1380018,13陕东岭债,2023-01-15
2013年山东省微山湖矿业集团有限公司公司债券,124223,13微山矿,1380115,13微矿集团债,2020-03-13
2013年天津滨海新区建设投资集团有限公司公司债券(品种二),124195,13滨海02,1380110,13滨海建投债02,2020-03-13
2013年天津滨海新区建设投资集团有限公司公司债券(品种一),124194,13滨海01,1380109,13滨海建投债01,2018-03-13
2013年益阳高新技术产业资产经营总公司企业债券,124212,13益高新,1380114,13益高新债,2020-03-13
2013年重庆市万盛经济技术开发区开发投资集团有限公司公司债券,124270,13渝万盛,1380166,13万盛经开债,2020-04-17
2013年阿拉善盟基础设施建设投资经营有限责任公司公司债券,124225,13阿城投,1380117,13阿城投债,2020-03-14
2013年烟台市城市建设发展有限公司公司债券,124196,13烟城建,1380118,13烟台债,2020-03-14
2013年平潭综合实验区国有资产投资有限公司公司债券,124202,13平潭债,1380119,13平潭国投债,2020-03-15
2013年无锡城市发展集团有限公司公司债券,124367,13锡城发,1380299,13锡城发债,2020-10-11
2012年昌邑市经济开发投资公司企业债券,124018,12昌经投,1280369,12昌投债,2020-10-30
2012年盐城市城南新区开发建设投资有限公司公司债券,124004,12盐城南,1280361,12盐城城南债,2019-10-26
2013年渭南市城市建设投资开发有限责任公司公司债券,124155,13渭城投,1380016,13渭南债,2020-01-15
2013年湘潭高新集团有限公司公司债券,124175,13湘高新,1380015,13湘潭高新债,2020-01-15
2013年郫县国有资产投资经营公司企业债券,124397,13郫国投,1380300,13郫县国投债,2020-10-15
2013年北京歌华文化发展集团企业债券,124248,13京歌华,1380135,13歌华债,2020-03-21
2013年郑州发展投资集团有限公司公司债券,124363,13郑投资,1380281,13郑发投资债,2020-09-24
2012年国奥投资发展有限公司公司债券,124008,12国奥投,1280371,12国奥投资债,2018-10-29
2013年宁波东部新城开发投资有限公司公司债,124147,13甬东投,1380023,13甬东新城债,2020-01-21
2013年抚州市投资发展(集团)有限公司公司债券,124122,13抚城投,1380019,13抚州债,2020-01-16
2013年赣州发展投资控股集团有限责任公司公司债券,124137,13赣发投,1380021,13赣州发展债,2020-01-18
2013年重庆市涪陵国有资产投资经营集团有限公司公司债券,124156,13涪国资,1380022,13涪陵国投债,2020-01-21
2013年丹阳投资集团有限公司公司债券(7年期),124402,13丹投01,1380335,13丹投债01,2020-10-23
2013年九江市国有资产经营有限公司公司债券,124215,13九国资,1380096,13九江国资债,2020-03-07
2013年大理州旅游产业开发集团有限责任公司公司债券,124189,13大旅游,1380101,13大理旅游债,2020-03-07
2013年丹阳投资集团有限公司公司债券(6年期),124403,13丹投02,1380336,13丹投债02,2019-10-23
2013年山西能源交通投资有限公司公司债券,124220,13晋能交,1380107,13晋能交债,2020-03-08
2013年北京市基础设施投资有限公司公司债券,124184,13京投债,1380102,13京投债,2023-03-11
2012年重庆市江津区华信资产经营(集团)有限公司公司债券,124039,12渝江津,1280294,12渝江津债,2019-09-21
2009年福建漳龙实业有限公司公司债券,122967,09闽漳龙,098061,09闽漳龙债,2015-04-24
2012年平湖市城市发展投资(集团)有限公司公司债券,122533,12平城投,1280291,12平湖债,2019-09-18
2012年通辽市天诚城市建设投资有限公司公司债券,122504,12通天诚,1280297,12通辽天诚债,2019-09-24
2012年温岭市国有资产投资集团有限公司公司债券,122527,12温国投,1280292,12温国投债,2019-09-18
2013年怀化市工业园投资开发有限公司公司债券,124404,13怀化工,1380313,13怀化工业债,2020-10-29
2011年新光控股集团有限公司公司债券,122776,11新光债,1180170,11新光债,2018-11-23
2013年巴彦淖尔市城市发展投资有限责任公司公司债券,124207,13巴城投,1380120,13巴城投债,2020-03-15
2013年宁波市鄞州区城市建设投资发展有限公司公司债券,124239,13鄞城投,1380121,13鄞城投债,2020-03-18
2013年晋中市公用基础设施投资建设有限责任公司公司债券,124229,13晋公投,1380124,13晋中公投债,2020-03-18
2013年荣成市经济开发投资公司企业债券,124219,13荣经开,1380123,13荣成经开债,2020-03-18
2013年杭州余杭创新投资有限公司公司债券,124205,13余创债,1380122,13余创债,2020-03-18
2013年昌吉州国有资产投资经营有限责任公司公司债券,124319,13昌国资,1380214,13昌吉国投债,2019-06-03
2013年海南省洋浦开发建设控股有限公司公司债券,124284,13琼洋浦,1380106,13洋浦债,2020-03-11
2013年乌兰察布市集宁区城市建设投资开发有限责任公司公司债券,124178,13集城投,1380125,13集宁债,2020-03-19
2009年衡阳市城市建设投资有限公司公司债券,124381,09衡城投,0980159,09衡城投债,2016-11-16
2013年巴彦淖尔市临河区城市发展投资有限责任公司公司债券,124427,13临河债,1380362,13临河债,2020-11-13
2013年沧州市建设投资集团有限公司公司债券,124140,13沧建投,1380028,13沧州建投债,2020-01-23
2013年海南省发展控股有限公司公司债券,124146,13海发控,1380032,13海控债,2020-01-24
2013年淮安清河新区投资发展有限公司公司债券,124235,13清河投,1380031,13清河投资债,2020-01-24
2013年浙江吉利控股集团有限公司公司债券,124141,13浙吉利,1380033,13吉利债,2020-01-24
2013年绍兴市城中村改造建设投资有限公司公司债券,124159,13绍城改,1380030,13绍兴城改债,2020-01-24
2013年泰安市泰山投资有限公司公司债券,124143,13泰投资,1380034,13泰山债,2020-01-25
2013年武汉光谷联合集团有限公司公司债券,124288,13光谷债,1380323,13光谷联合债,2019-10-23
2013年余姚经济开发区建设投资发展有限公司公司债券,124181,13余开投,1380083,13余开投债,2020-03-04
2013年上海奉贤南桥新城建设发展有限公司公司债券,124190,13奉南城,1380087,13奉贤南桥债,2020-03-05
2012年诸城市经济开发投资公司企业债券,124028,12诸城投,1280424,12诸城债,2019-11-29
2013年乌鲁木齐高新技术产业开发区国有资产投资管理有限公司公司债券,124177,13乌高新,1380089,13乌高新债,2020-03-05
2013年精工控股集团有限公司公司债券,124182,13精控债,1380085,13精控债,2018-03-05
2010年盐城市城市资产经营有限公司市政项目建设债券(6年期),122858,10盐城01,1080163,10盐城城资债01,2016-12-16
2010年盐城市城市资产经营有限公司市政项目建设债券(7年期),122859,10盐城02,1080164,10盐城城资债02,2017-12-16
2009年淮南市城市建设投资有限责任公司公司债券,122951,09淮城投,0980112,09淮南城投债,2016-06-26
2012年广州经济技术开发区国有资产投资公司企业债券,122603,12穗经开,1280232,12穗经开债,2022-08-14
2012年贵阳市公共住宅建设投资有限公司公司债,124014,12筑住投,1280380,12筑住投债,2019-11-06
2012年宜昌市城市建设投资开发有限公司公司债券,124032,12宜建投,1280383,12宜昌城投债,2019-11-08
2012年西子电梯集团有限公司公司债券,124007,12西电梯,1280387,12西子债,2018-11-09
2013年泰州市城市建设投资集团有限公司公司债券,124407,13泰州债,1380293,13泰州债,2023-10-16
2013年龙岩工贸发展集团有限公司公司债券,124330,13龙工贸,1380105,13龙岩工发债,2021-03-11
2013年塔城地区国有资产投资经营公司公司债券,124374,13塔国资,1380291,13塔城债,2019-10-16
2012年大丰市城建国有资产经营有限公司公司债券,124114,12大丰债,1280462,12大丰债,2019-12-13
2013年杭州高新技术产业开发区资产经营有限公司公司债券,124191,13杭高新,1380043,13杭高新债,2020-01-28
2012年沭阳金源资产经营有限公司公司债券,124035,12沭金源,1280433,12沭阳债,2019-12-03
2012年广元市投资控股(集团)有限公司公司债券,124026,12川广元,1280413,12广元投资债,2019-11-26
2012年山东泉兴矿业集团有限责任公司公司债券,122717,12泉矿债,1280059,12泉矿债,2019-03-21
2013年吐鲁番地区国有资产投资经营有限责任公司公司债券,124341,13吐番资,1380250,13吐鲁番国投债,2019-08-09
2005年宁夏煤业集团有限责任公司公司债券,120529,05宁煤债,058026,05宁煤债,2020-09-16
2012年北京金融街投资(集团)有限公司公司债券,122514,12金融街,1280341,12金融街债,2019-10-21
2013年成都兴城投资集团有限公司公司债券,124145,13蓉兴城,1380038,13蓉兴债,2020-01-28
2013年无锡锡东新城建设发展有限公司公司债券,124158,13锡东城,1380041,13锡新城债,2020-01-28
2013年济宁高新城建投资有限公司公司债券,124162,13济高新,1380044,13济宁高新债,2020-01-28
2013年南京禄口国际机场有限公司公司债券,124152,13宁禄口,1380046,13宁机场债,2023-01-29
2012年天津经济技术开发区国有资产经营公司企业债券(7年期),124065,12津开01,1280434,12津开债01,2019-12-03
2012年天津经济技术开发区国有资产经营公司企业债券(10年期),124066,12津开02,1280435,12津开债02,2022-12-03
2011年龙海市国有资产投资经营有限公司公司债券,122769,11龙海债,1180174,11龙海债,2017-12-02
2012年青岛国信发展(集团)有限责任公司公司债券,124082,12青国信,1280457,12国信集团债,2022-12-12
2011年中国泛海控股集团有限公司公司债券(品种一),122764,11泛海01,1180182,11中国泛海债01,2017-12-13
2011年滁州市城市建设投资有限公司市政项目建设债券,122803,11滁州债,1180172,11滁州城投债,2021-11-30
2013年三门峡市财经投资公司公司债券,124209,13三门峡,1380048,13三门债,2020-01-29
2013年镇江市水利投资公司企业债券,124149,13镇水投,1380050,13镇水投,2020-01-30
2013年蓬莱市蓬莱阁旅游有限责任公司公司债,124160,13蓬莱阁,1380051,13蓬莱阁债,2021-01-30
2013年南昌县城市建设投资发展有限公司公司债券,124322,13南城发,1380235,13南城发债,2019-07-17
2012年贵阳市工业投资(集团)有限公司公司债券,124015,12筑工投,1280397,12筑工投债,2019-11-19
2012年芜湖新马投资有限公司公司债券,124087,12芜新马,1280392,12芜湖新马债,2019-11-14
2011年株洲市城市建设发展集团有限公司公司债券,122779,11株城发,1180158,11株城发债,2021-11-10
2009年株洲市城市建设投资经营有限公司公司债券,122944,09株城投,0980128,09株城投债,2016-08-28
2012年宁波交通投资控股有限公司公司债券,124094,12甬交投,1280476,12甬交投债,2022-12-21
2012年诸暨市城市建设投资发展有限公司公司债券,124086,12诸建投,1280472,12诸暨债,2019-12-19
2013年邯郸市城市建设投资有限公司公司债券,124435,13邯城债,1380367,13邯郸城投债,2020-11-25
2013年襄阳市建设投资经营有限公司公司债券,124432,13襄建投,1380357,13襄建投债,2020-11-11
2010年上海复星高科技(集团)有限公司公司债券,122872,10复星债,1080174,10复星债,2017-12-24
2012年绍兴袍江工业区投资开发有限公司公司债券,122505,12绍袍江,1280375,12绍袍江债,2019-10-31
2013年金坛市建设资产经营有限公司公司债券,124267,13金坛投,1380188,13金坛债,2020-04-26
2013年白银市城市发展投资(集团)有限公司公司债券,124324,13白银城,1380237,13白银城投债,2020-07-19
2010年德州德达城市建设投资运营有限公司公司债券,122895,10德州债,1080089,10德州城投债,2017-08-09
2013年广东省粤垦投资有限公司公司债券,124428,13粤垦债,1380363,13粤垦债,2019-11-15
2013年南京铁路建设投资有限责任公司公司债券,124295,13宁铁路,1380209,13宁铁路债,2020-06-04
2012年马鞍山经济技术开发区建设投资有限公司市政项目建设债券,124236,12马经开,1280474,12马经开债,2019-12-20
2013年株洲市城市建设发展集团有限公司公司债券,124398,13株城发,1380301,13株城发债,2020-10-16
2006年山东高速集团有限公司公司债券,120608,06鲁高速,068015,06鲁高速债,2026-04-07
2006年中国航天科技集团公司企业债券,120603,06航天债,068016,06航天债,2021-04-18
2013年翔宇实业集团有限公司公司债券,124273,13翔宇债,1380077,13翔宇债,2020-02-27
2013年桐乡市城市建设投资有限公司公司债券,124297,13桐乡投,1380200,13桐乡债,2020-05-16
2013年咸宁市荣盛投资发展有限公司公司债券,124303,13咸荣盛,1380216,13咸宁荣盛债,2020-06-05
2013年甘肃省国有资产投资集团有限公司公司债券,124211,13甘投债,1380090,13甘投债,2020-03-06
2009年重庆渝隆资产经营(集团)有限公司公司债券,122988,09渝隆债,098002,09渝隆债,2016-01-15
2013年浙江永利实业集团有限公司公司债券,124418,13永利债,1380334,13永利债,2019-10-29
2013年扬州市邗江城市建设发展有限公司公司债券,124192,13邗城建,1380112,13邗城建债,2020-03-12
2009年呼和浩特春华水务开发有限责任公司公司债券,122986,09春华债,098007,09春华债,2016-02-11
2012年北京顺鑫农业发展集团有限公司公司债券,122606,12顺鑫债,1280192,12顺鑫债,2017-07-03
2009年浙江省能源集团有限公司公司债券,122985,09浙能债,098014,09浙能债,2014-02-23
2012年濮阳市建设投资公司企业债券,124046,12濮建投,1280364,12濮建投债,2019-10-29
2012年邯郸市城市建设投资有限公司市政项目建设债券,124106,12邯郸债,1280477,12邯郸城投债,2019-12-24
2012年长沙市城市建设投资开发集团有限公司市政项目建设债券,124138,12长城投,1280123,12长沙城投债,2019-04-24
2013年哈尔滨水务投资有限责任公司公司债券,124266,13哈水投,1380193,13哈水投债,2020-05-06
2012年驻马店市投资有限公司公司债券,124060,12驻投资,1280415,12驻投资债,2019-11-26
2008年广州造纸股份有限公司公司债券,122999,08广纸债,088006,08广纸股份债,2018-03-13
2012年吉首华泰国有资产投资管理有限责任公司企业债券,124073,12吉华债,1280458,12吉首华泰债,2019-12-12
2006年中国长江三峡工程开发总公司企业债券,120605,06三峡债,068022,06三峡债,2026-05-11
2009年咸阳市城市建设投资有限公司公司债券,122940,09咸城投,0980138,09咸城投债,2019-09-30
2012年扬州市城建国有资产控股(集团)有限责任公司公司债券,122609,12扬城控,1280216,12扬城控债,2019-07-26
2004年中国石油化工股份有限公司债券,120483,04中石化,048001,04中石化,2014-02-24
2004年中国通用技术(集团)控股有限责任公司公司债券,120482,04通用债,048003,04通用债,2014-03-31
2004年中国长航油运企业债券,122998,长债暂停,048005,04长航债,2014-05-26
2012年无锡锡东科技投资控股有限公司公司债券,124011,12锡科技,1280358,12锡东债,2018-10-26
2012年信阳华信投资集团有限责任公司公司债券,122638,12申华信,1280179,12信阳债,2019-06-14
2012年泉州市路桥建设开发有限公司公司债券(6年期),122594,12泉州01,1280225,12泉州路桥债01,2018-08-07
2012年漯河市城市建设投资有限公司公司债券,124001,12漯城投,1280370,12漯河城投债,2019-10-30
2011年丹东城市开发建设投资有限公司公司债券,122757,11丹东债,1180191,11丹东债,2018-12-21
2010年重庆市南岸区城市建设发展(集团)有限公司企业债券,122877,10渝南岸,1080172,10渝南岸债,2017-12-24
2009年盘锦建设投资有限责任公司公司债券,122930,09盘锦债,0980175,09盘锦建投债,2016-12-16
2005年申能(集团)有限公司公司债券,120501,05申能债,058002,05申能债,2015-02-02
2005年重庆市水务控股(集团)有限公司公司债券,120503,05渝水务,058003,05渝水务债,2015-04-26
2006年国家电网公司企业债券(十年期),120604,06国网⑴,068027,06国网债1,2016-05-29
2006年上海水务资产经营发展有限公司公司债券,120607,06沪水务,068032,06沪水务债,2021-06-29
2012年上虞市交通投资公司企业债券,122553,12虞交通,1280282,12虞交通债,2019-09-11
2012年常德市经济建设投资集团有限公司公司债券,122555,12常经投,1280283,12常德经投债,2019-09-12
2005年中国大唐集团公司企业债券,120506,05大唐债,058004,05大唐债,2020-04-29
2005年苏州工业园区地产经营管理公司企业债券,120502,05苏园建,058005,05苏园建债,2015-05-19
2005年福建省高速公路有限责任公司债券,120523,05闽高速,058007,05闽高速债,2015-06-10
2005年杭州市城市建设发展有限公司公司债券,120520,05杭城建,058008,05杭城建债,2015-06-20
2005年中国华电集团公司企业债券,120505,05华电债,058010,05华电债,2015-06-30
2005年中国华能集团公司企业债券,120519,05华能债,058011,05华能债,2015-07-05
2005年国家电网公司企业债券(浮动利率),120510,05国网⑵,058015,05国网债(2),2015-07-08
2005年国家电网公司企业债券(固定利率),120509,05国网⑴,058014,05国网债(1),2015-07-08
2012年青海省投资集团有限公司公司债券,124024,12青投资,1280306,12青投债,2022-10-08
2005年上海城市建设企业债券(10年期),120511,05沪建⑴,058020,05沪建设（1）,2015-07-27
2005年上海城市建设企业债券(15年期),120512,05沪建⑵,058021,05沪建设（2）,2020-07-27
2005年中国核工业集团公司企业债券(15年期),120526,05中核(2),058019,05中核债(2),2020-07-22
2005年中国核工业集团公司企业债券(10年期),120525,05中核⑴,058018,05中核债(1),2015-07-22
2005年中国铁路建设债券,120508,05铁道债,058022,05铁道债,2020-07-29
2005年中国铁通集团有限公司公司债券,120522,05铁通债,058024,05铁通债,2015-08-18
2012年襄阳市建设投资经营有限公司公司债券,122617,12襄投债,1280005,12襄投债,2019-01-12
2013年徐州市铜山区城市建设投资有限责任公司公司债券,124333,13铜城建,1380248,13铜城投债,2020-08-08
2006年江西省投资集团公司企业债券,120609,06赣投债,068037,06赣投债,2021-09-11
2013年大连顺兴投资有限公司公司债券,124393,13连顺兴,1380322,13连顺兴债,2020-10-18
2013年许昌市投资总公司企业债券,124379,13许投资,1380283,13许昌投资债,2020-10-16
2005年中国国际航空股份有限公司公司债券,120521,05国航债,058025,05国航债,2015-09-07
2010年南通市经济技术开发区总公司企业债券,122873,10通经开,1080158,10通经开债,2017-12-08
2006年中国大唐集团公司企业债券,120601,06大唐债,068005,06大唐债,2026-02-16
2012年淮安开发控股有限公司公司债券,122574,12淮开控,1280272,12淮开控债,2019-09-06
2013年丽水市城市建设投资有限责任公司公司债券,124289,13丽城投,1380203,13丽水城投债,2020-05-23
2012年湖北省鄂西生态文化旅游圈投资有限公司公司债券,124042,12鄂旅投,1280366,12鄂西圈投债,2019-10-29
2013年日照市经济开发投资公司企业债券,124301,13日照债,1380217,13日照债,2020-06-06
2012年云南省城市建设投资集团有限公司公司债券,124078,12云城建,1280354,12云城投债,2018-10-24
2012年启东国有资产投资控股有限公司公司债券,124056,12启国投,1280402,12启东债,2022-11-20
2007年上海世博土地控股有限公司世博建设债券(十五年期),120702,07世博⑵,078005,07世博债2,2022-02-15
2007年上海世博土地控股有限公司世博建设债券(十年期),120701,07世博⑴,078004,07世博债1,2017-02-15
2011年咸阳市城市建设投资有限公司公司债券,122775,11咸城投,1180179,11咸城投债,2017-12-09
2013年武汉地铁集团有限公司可续期公司债券,124999,13武续债,1380346,13武汉地铁可续期债,2018-10-29
2013年南京市国有资产投资管理控股(集团)有限责任公司公司债券(十年期),124228,13宁国02,1380094,13宁国资债02,2023-03-06
2013年吉林市城市建设控股集团有限公司公司债券,124174,13吉城债,1380071,13吉市城建债,2020-02-26
2013年南京市国有资产投资管理控股(集团)有限责任公司公司债券(七年期),124227,13宁国01,1380093,13宁国资债01,2020-03-06
2013年南充发展投资(控股)有限责任公司公司债券,124150,13南发展,1380042,13南充发展债,2020-01-28
2012年天津生态城投资开发有限公司公司债券,122569,12津生态,1280231,12生态城债,2019-08-14
2010年江苏华靖资产经营有限公司市政项目建设债券,122888,10华靖债,1080114,10华靖债,2017-09-28
2011年江西省铁路投资集团公司企业债券,122787,11赣铁债,1180141,11赣铁债,2018-09-30
2010年西子电梯集团有限公司公司债券,122884,10西子债,1080116,10西子债,2017-10-11
2012年重庆市南川区惠农投资有限公司公司债券,124009,12渝惠农,1280271,12渝惠农债,2019-09-06
2010年红河州开发投资有限责任公司公司债券(品种二),122875,10红投02,1080160,10红河开投债02,2017-12-09
2010年红河州开发投资有限责任公司公司债券(品种一),122874,10红投01,1080159,10红河开投债01,2016-12-09
2012年重庆长寿开发投资(集团)有限公司公司债券,122544,12渝长开,1280304,12长寿开投债,2019-09-25
2012年高密市国有资产经营投资有限公司公司债券(6年期),124013,12高密02,1280394,12高密债02,2018-11-15
2012年上海金山城市建设投资有限公司公司债券,124085,12沪金投,1280475,12金山城投债,2019-12-21
2012年黔西南州宏升资本营运公司企业债券,124047,12黔宏升,1280408,12黔宏升债,2019-11-22
2009年沈阳农业高新区国有资产经营有限公司公司债券,122925,09沈国资,0980169,09沈国资债,2016-11-27
2010年大冶有色金属集团控股有限公司公司债券,122889,10冶色债,1080121,10大冶有色债,2018-10-15
2012年重庆市江北区国有资产经营管理有限责任公司公司债券,124037,12渝江北,1280319,12渝江北债,2019-10-16
2013年巩义市国有资产投资经营有限公司公司债券,124132,13巩义债,1380020,13巩义债,2020-01-18
2008年海航集团有限公司公司债券,122991,08海航债,088070,08海航债,2014-12-25
2010年南京高新技术经济开发总公司公司债券,122882,10宁高新,1080175,10南京高新债,2017-12-24
2013年平度市国有资产经营管理有限公司公司债券,124425,13平国资,1380352,13平度国资债,2020-11-05
2012年韶关市金叶发展公司企业债券,124022,12韶金叶,1280328,12韶关债,2019-10-18
2012年高密市国有资产经营投资有限公司公司债券(7年期),124012,12高密01,1280393,12高密债01,2019-11-15
2011年长沙高新技术产业开发总公司企业债券,122780,11长高新,1180166,11长高新债,2017-11-22
2013年柳州东城投资开发有限公司公司债券,124424,13柳东城,1380341,13柳州东城债,2020-10-29
2013年南阳投资集团有限公司公司债券,124408,13宛城投,1380294,13宛城投债,2020-10-24
2013年葫芦岛市投资集团有限公司公司债券(7年期),124390,13葫岛01,1380327,13葫芦岛债01,2020-10-18
2011年山东省微山湖矿业集团有限公司公司债券,123007,11微矿债,1180005,11微矿集团债,2021-01-07
2013年浙江省新昌县投资发展有限公司公司债券,124255,13浙新昌,1380180,13新昌债,2020-04-24
2009年福州建工(集团)总公司企业债券,122914,09榕建债,0980174,09榕建总债,2016-12-16
2004年中国国电集团公司企业债券(十年期),120485,04国电⑴,048008,04国电债(1),2014-09-22
2012年中国石油天然气集团公司企业债券(第一期)(十年期),122749,12石油02,1280003,12中石油02,2022-01-11
2012年中国石油天然气集团公司企业债券(第一期)(七年期),122748,12石油01,1280002,12中石油01,2019-01-11
2012年中国石油天然气集团公司企业债券(第四期)(品种一),122659,12石油06,1280101,12中石油06,2022-04-12
2012年中国石油天然气集团公司企业债券(第四期)(品种二),122660,12石油07,1280102,12中石油07,2022-04-12
2012年中国石油天然气集团公司企业债券(第三期),122723,12石油05,1280043,12中石油05,2022-03-15
2012年中国石油天然气集团公司企业债券(第二期)(七年期),122736,12石油03,1280017,12中石油03,2019-02-22
2012年中国石油天然气集团公司企业债券(第二期)(十五年期),122737,12石油04,1280018,12中石油04,2027-02-22
2013年武汉新港建设投资开发集团有限公司公司债券,124283,13武新港,1380167,13武汉新港债,2020-04-18
2012年云南省水利水电投资有限公司公司债券,122570,12滇水投,1280251,12云水投债,2019-08-27
2011年邹平县国有资产投资经营有限公司公司债券,122810,11邹平债,1180102,11邹平债,2018-04-27
2011年内蒙古奈伦集团股份有限公司公司债券,122811,11蒙奈伦,1180105,11蒙奈伦债,2018-05-05
2011年准格尔旗国有资产投资经营有限责任公司市政项目建设债券,122809,11准国资,1180106,11准国资债,2018-05-10
2011年滕州市城市国有资产经营有限公司企业债券,122808,11滕州债,1180109,11滕州债,2018-05-24
2011年大同市经济建设投资有限责任公司公司债券,122805,11大同债,1180110,11大同建投债,2017-06-01
2011年宁夏交通投资有限公司公司债券,122813,11宁交通,1180101,11宁交通债,2021-04-27
2012年宜昌市财政经济开发投资公司市政项目建设债券,122532,12宜财投,1280320,12宜昌财投债,2019-10-16
2012年太原市龙城发展投资有限公司公司债券,122503,12并龙城,1280303,12并龙城债,2019-09-25
2011年宁夏农垦集团有限公司公司债券,122782,11宁农债,1180161,11宁农垦债,2018-11-16
2011年杭州市萧山区国有资产经营总公司企业债券,122761,11萧国资,1180169,11萧国资债,2016-11-22
2012年七台河市城市建设投资发展有限公司公司债券,122530,12七城投,1280332,12七台河债,2019-10-18
2013年昌润投资控股集团有限公司公司债券,124365,13昌润债,1380277,13昌润债,2020-09-16
2012年黄冈市城市建设投资有限公司市政项目建设债券,124083,12黄城投,1280337,12黄冈城投债,2019-10-19
2003年中国长江三峡工程开发总公司企业债券,120303,03三峡债,038006,03三峡债,2033-08-01
2006年河北省建设投资公司企业债券,120602,06冀建投,068012,06冀建投债,2026-03-28
2012年江苏飞达控股集团有限公司公司债券,122535,12苏飞达,1280259,12飞达债,2018-08-30
2013年第一期湖北省交通投资有限公司公司债券(十五年期),124416,13鄂投02,1380340,13鄂交投债02,2028-10-28
2001年中国长江三峡工程开发总公司企业债券(15),120102,01三峡债,7092,01三峡债(2),2016-11-08
2013年第一期湖北省交通投资有限公司公司债券(十年期),124415,13鄂投01,1380339,13鄂交投债01,2023-10-28
2012年沈阳市和平区国有资产经营有限公司公司债券,124048,12平国资,1280390,12和平国资债,2019-11-13
2012年中国保利集团公司企业债券,122518,12保利集,1280356,12保利债,2019-10-25
2012年营口沿海开发建设有限公司公司债券,124049,12营沿海,1280398,12营口沿海债,2019-11-16
2012年成都投资控股集团有限公司公司债券,122572,12蓉投控,1280265,12蓉投控债,2019-09-04
2012年舟山市定海区国有资产经营有限公司公司债券,122554,12定海债,1280262,12定海债,2020-08-31
2013年溧水县城镇建设投资有限责任公司公司债券,124292,13溧城建,1380208,13溧水债,2020-05-29
2012年苏州市相城城市建设有限责任公司公司债券,122577,12苏相城,1280264,12苏州相城债,2019-09-03
2012年江西省高速公路投资集团有限责任公司公司债券,124101,12赣高速,1280432,12赣高速债,2017-12-03
2012年张家港市直属公有资产经营有限公司公司债券,124074,12张公经,1280418,12张公资债,2019-11-27
2012年河北顺德投资集团有限公司公司债券,124062,12冀顺德,1280442,12冀顺德债,2019-12-05
2011年山西煤炭进出口集团有限公司公司债券,122772,11山煤债,1180176,11山煤债,2018-12-06
2010年玉溪市开发投资有限公司市政项目建设债券(6年期),122851,10玉溪01,1080178,10玉溪开投债01,2016-12-28
2010年玉溪市开发投资有限公司市政项目建设债券(7年期),122852,10玉溪02,1080179,10玉溪开投债02,2017-12-28
2012年库尔勒城市建设(集团)有限责任公司公司债券,122566,12库城建,1280277,12巴州库城债,2018-09-10
2012年南京高新技术经济开发总公司企业债券,122546,12宁高新,1280273,12宁高新债,2019-09-07
2012年邵阳市城市建设投资经营集团有限公司公司债券,122565,12邵城投,1280281,12邵阳债,2018-09-11
2013年海盐县国有资产经营有限公司公司债券,124420,13盐国资,1380259,13海盐债,2020-09-04
2012年海亮集团有限公司公司债券(7年期),122524,12海亮02,1280335,12海亮债02,2019-10-19
2012年无锡市建设发展投资公司企业债券,122512,12锡建发,1280289,12锡建发债,2019-09-17
2012年海亮集团有限公司公司债券(6年期),122523,12海亮01,1280334,12海亮债01,2018-10-19
2013年岳阳市城市建设投资有限公司公司债券,124321,13岳城投,1380233,13岳阳城投债,2020-07-12
2013年北京生物医药产业基地发展有限公司公司债券,124325,13京生物,1380242,13京医药债,2020-07-23
2012年沛县国有资产经营有限公司公司债券,124061,12沛国资,1280446,12沛国资债,2019-12-06
2012年无锡太湖国际科技园投资开发有限公司公司债券,122531,12太科园,1280288,12太科园债,2019-09-17
2004年中国南方电网有限责任公司债券(十年期),120489,04南网⑴,048007,04南网债(2),2014-09-17
2004年中国南方电网有限责任公司债券(十五年期),120490,04南网⑵,048006,04南网债(1),2019-09-17
2012年如东县东泰社会发展投资有限责任公司公司债券,122551,12如东投,1280296,12如东东泰债,2019-09-24
2013年滨州城建投资经营有限公司公司债券,124318,13滨城投,1380232,13滨州债,2020-07-12
2013年湖北三宁化工股份有限公司公司债券,124306,13鄂三宁,1380223,13三宁化工债,2019-06-18
2013年珠海华发集团有限公司公司债券,124317,13华发集,1380215,13华发集团债,2019-06-05
2010年杭州市交通投资集团有限公司公司债券,122866,10杭交投,1080127,10杭交投债,2020-10-19
2010年镇江市交通投资建设发展公司企业债券,122871,10镇交投,1080125,10镇江交投债,2017-10-18
2012年宁夏上陵实业(集团)有限公司公司债券,122541,12宁上陵,1280321,12宁夏上陵债,2018-10-16
2012年奉化市投资有限公司公司债券,124000,12奉投资,1280298,12奉化债,2019-09-24
2012年内蒙古高新控股有限公司公司债券,122545,12蒙高新,1280302,12内蒙高新债,2019-09-25
2012年邳州市润城资产经营集团有限公司公司债券,122549,12邳润城,1280300,12邳州润城债,2019-09-25
2012年福州市城乡建设发展总公司企业债券,122538,12榕城乡,1280299,12榕城乡债,2018-09-25
2009年青海省国有资产投资管理有限公司公司债券,122926,09青国投,0980188,09青海国投债,2015-12-29
2013年南昌水利投资发展有限公司公司债券,124310,13洪水利,1380229,13南昌水投债,2020-06-21
2010年桂林市经济建设投资总公司市政项目建设债券,122848,10桂林债,1080177,10桂林经投债,2017-12-28
2009年重庆市能源投资集团公司企业债券,122950,09渝能源,0980115,09渝能源债,2016-07-01
2009年镇江市城市建设投资公司企业债券,122974,09镇城投,098042,09镇城投债,2015-03-30
2010年武汉凯迪控股投资有限公司公司债券,122890,10凯迪债,1080094,10凯迪债,2020-08-23
2013年张家港保税区张保实业有限公司公司债券,124340,13张保债,1380256,13张保债,2020-08-23
2010年江苏海州湾发展集团有限公司公司债券,122865,10苏海发,1080113,10苏海发债,2017-09-28
2012年阿克苏信诚资产投资经营有限责任公司公司债券,122542,12阿信诚,1280309,12阿克苏信诚债,2018-10-10
2012年阜新市城市基础设施建设投资有限责任公司公司债券,122539,12阜城投,1280314,12阜新债,2019-10-10
2010年长沙高新技术产业开发总公司企业债券,122922,10长高新,1080008,10长高新债,2017-01-25
2011年永州市城市建设投资开发公司市政项目建设债券,122781,11永州债,1180173,11永州城投债,2021-12-05
2012年湖南城陵矶临港新区开发投资有限公司公司债券,123010,12湘临港,1280317,12湘临港债,2018-10-15
2012年玉环县交通投资集团有限公司公司债券,122507,12玉交投,1280315,12玉环交投债,2019-10-12
2012年池州城市经营投资有限公司公司债券,124025,12池城投,1280327,12池州债,2019-10-17
2010年鄂尔多斯市国有资产投资经营有限责任公司公司债券,122912,10鄂国资,1080058,10鄂国资债,2020-05-11
2010年长沙市城市建设投资开发有限责任公司公司债券,122904,10长城投,1080066,10长沙城投债,2020-05-24
2012年洛阳城市发展投资集团有限公司公司债券,124107,12洛城投,1280494,12洛城投债,2019-12-31
2012年安庆市城市建设投资发展(集团)有限公司公司债券,124117,12宜城投,1280496,12宜城投债,2019-12-31
2012年吴江经济技术开发区发展总公司企业债券,124108,12吴经开,1280490,12吴江经开债,2019-12-27
2010年襄樊市建设投资经营有限公司公司债券,122897,10襄投债,1080062,10襄投债,2018-05-19
2011年双鸭山市大地城市建设开发投资有限公司公司债券,122741,11双鸭山,1180190,11双鸭山债,2018-12-20
2012年钦州市开发投资集团有限公司公司债券,122543,12钦开投,1280322,12钦州开投债,2019-10-16
2012年寿光市金财公有资产经营有限公司公司债券,122501,12寿财资,1280353,12寿光债,2019-10-23
2010年芜湖市建设投资有限公司公司债券(品种二),122907,10芜投02,1080080,10芜湖建投债02,2017-07-22
2012年伟星集团有限公司公司债券,122513,12伟星集,1280346,12伟星债,2019-10-23
2013年北京市海淀区国有资本经营管理中心企业债券,124335,13海国资,1380247,13海淀国资债,2020-08-07
2012年台州市椒江区国有资产经营有限公司公司债券,122564,12椒江债,1280285,12椒江债,2020-09-13
2012年双鸭山市大地城市建设开发投资有限公司公司债券,124124,12双鸭山,1280480,12双鸭山债,2019-12-25
2010年上海化学工业区发展有限公司公司债券,122869,10沪化工,1080132,10沪化工区债,2017-10-22
2013年濮阳市建设投资公司企业债券,124451,13濮建投,1380360,13濮建投债,2020-12-11
2013年南京新港开发总公司企业债券,124110,13宁新开,1380001,13南京新港债,2020-01-08
2010年开元旅业集团有限公司公司债券,124383,10开元旅,1080144,10开元债,2016-11-18
2012年苏州城市建设投资发展有限责任公司公司债券,124033,12苏城投,1280357,12苏州城投债,2019-10-25
2011年淮南市产业发展投资有限公司公司债券,122763,11淮产投,1180199,11淮南产投债,2017-12-30
2013年荆门市城市建设投资公司企业债券,124392,13荆门投,1380315,13荆门债,2020-10-17
2011年大丰市大丰港开发建设有限公司公司债券,122752,11大丰港,1180159,11大丰港债,2017-11-15
2012年鹰潭市投融资公司企业债券,124071,12鹰投融,1280456,12鹰投债,2022-12-12
2011年六安城市建设投资有限公司公司债券,122735,11六安债,1180196,11六安债,2018-12-28
2012年临沂市城市资产经营开发有限公司公司债券,124059,12临城发,1280459,12临沂城资债,2019-12-12
2013年鞍山市城市建设投资发展有限公司公司债券,124261,13鞍城投,1380185,13鞍山城投债,2020-04-25
2012年六盘水市开发投资有限公司公司债券,124095,12六开投,1280431,12六盘水开投债,2019-12-03
2013年龙岩市汇金资产经营发展有限公司公司债券,124385,13龙岩汇,1380320,13龙岩汇金债,2020-10-18
2013年乌兰察布市投资开发有限公司公司债券,124419,13乌兰察,1380331,13乌兰察布债,2020-10-31
2012年中山兴中集团有限公司公司债券,124118,12香兴中,1280495,12中山兴中债,2019-12-31
2013年杭州市运河综合保护开发建设集团有限责任公司公司债券,124245,13杭运河,1380147,13杭运河债,2020-04-02
2013年十堰市城市基础设施建设投资有限公司公司债券,124395,13堰城投,1380302,13十堰城投债,2020-10-11
2013年郑州公共住宅建设投资有限公司公司债券,124326,13郑建投,1380236,13郑公住投债,2020-07-17
2012年随州市城市投资集团有限公司市政项目建设债券,122568,12随州债,1280248,12随州债,2019-08-22
2012年绍兴市城市建设投资集团有限公司公司债券,124006,12绍城投,1280386,12绍城投债,2019-11-09
2012年伊犁州国有资产投资经营有限责任公司公司债券,124017,12伊国资,1280406,12伊犁债,2018-11-19
2012年鸡西市国有资产经营管理有限公司公司债券,124010,12鸡国资,1280385,12鸡西国资债,2019-11-08
2013年临汾市尧都区投资建设开发有限公司公司债券,124364,13临尧都,1380284,13尧都债,2020-09-27
2009年南通国有资产投资控股有限公司公司债券,122935,09南通债,0980158,09南通国投债,2016-11-13
2012年广安投资控股(集团)有限责任公司公司债券,122651,12广安投,1280125,12广安投债,2019-04-25
2012年重庆出版集团公司公司债券,124113,12渝出版,1280412,12渝出版债,2019-11-23
2013年重庆市碚城建设开发有限责任公司公司债券,124377,13渝碚城,1380290,13渝碚城债,2020-10-16
2013年铜陵市建设投资控股有限责任公司公司债券,124337,13铜建投,1380255,13铜陵建投债,2020-08-26
2012年浙江省嘉善经济开发区实业总公司企业债券,124045,12嘉经开,1280430,12嘉善经开债,2019-12-03
2012年上饶市城市建设投资开发集团有限公司公司债券,122561,12饶城投,1280276,12饶城投债,2019-09-10
2013年博尔塔拉蒙古自治州国有资产投资经营有限责任公司公司债券,124334,13博国资,1380249,13博投债,2020-08-09
2005年武汉市城市建设投资开发集团有限公司公司债券,120527,05武城投,058036,05武城投债,2020-12-26
2012年杭州萧山经济技术开发区国有资产经营有限公司公司债券,124128,12萧经开,1280487,12萧山经开债,2018-12-26
2011年北京国有资本经营管理中心企业债券(品种一),122733,11京资01,1180193,11京国资01,2016-12-26
2011年北京国有资本经营管理中心企业债券(品种二),122734,11京资02,1180194,11京国资02,2021-12-26
2012年柳州市城市投资建设发展有限公司公司债券,124126,12柳城投,1280492,12柳州城投债,2022-12-31
2013年绍兴市交通投资集团有限公司公司债券,124247,13绍交投,1380084,13绍交投债,2020-03-04
2010年镇江市城市建设投资集团有限公司公司债券,122941,10镇城投,1080166,10镇城投债,2020-12-17
2011年江苏省吴中经济技术发展总公司企业债券,122777,11吴中债,1180188,11吴中经发债,2018-12-16
2013年武汉地铁集团有限公司公司债券,124176,13武地铁,1380056,13武汉地铁债,2020-02-04
2013年西宁经济技术开发区投资控股集团有限公司公司债券,124299,13西经开,1380213,13西宁经开债,2020-06-04
2013年衡阳弘湘国有资产经营有限责任公司湘江流域重金属污染治理公司债券,124311,13弘湘资,1380226,13弘湘治理债,2020-06-19
2013年湘潭振湘国有资产经营投资有限公司湘江流域重金属污染治理公司债券,124332,13湘振湘,1380243,13振湘治理债,2020-08-07
2012年湘潭九华经济建设投资有限公司公司债券,122582,12湘九华,1280257,12湘潭九华债,2019-08-29
2008年合肥市建设投资控股(集团)有限公司公司债券,122995,08合建投,088028,08合肥建投债,2018-08-28
2010年芜湖经济技术开发区建设投资公司企业债券,122896,10芜开债,1080096,10芜湖经开债,2017-08-25
2012年重庆渝富资产经营管理集团有限公司公司债券,122760,12渝富债,1280268,12渝富债,2019-09-04
2012年克拉玛依市城市建设投资发展有限责任公司公司债券,122537,12克城投,1280267,12克城投债,2019-09-04
2012年石狮市国有投资发展有限公司公司债券,124100,12石国投,1280284,12石狮国投债,2019-09-13
2012年北京兴展国有资产经营公司企业债券,122571,12兴国资,1280260,12兴国资债,2019-08-31
2010年通辽市城市投资经营有限责任公司市政项目建设债券,122891,10通辽债,1080102,10通辽债,2017-09-01
2012年亳州城市建设投资有限责任公司公司债券,122563,12亳州债,1280269,12亳州建投债,2019-09-04
2011年河北省新合作资产运营集团有限公司公司债券,122751,11冀新债,1180200,11冀新合作债,2018-12-30
2012年德阳市建设投资有限公司公司债券,124099,12德建投,1280489,12德阳建投债,2019-12-26
2012年株洲高科集团有限公司公司债券,122557,12株高科,1280278,12株高科债,2019-09-10
2013年绍兴县中心城建设投资开发有限公司公司债券,124168,13绍中城,1380070,13绍中城,2019-02-26
2013年重庆市地产集团有限公司公司债券,124336,13渝地产,1380253,13渝地产债,2020-08-22
2012年郴州市城市建设投资经营有限责任公司公司债券,122500,12郴城投,1280287,12郴州债,2019-09-13
2009年江阴城市建设投资有限公司公司债券,122942,09江阴债,0980134,09江阴城投债,2016-09-15
2004年中国国电集团公司企业债券(十五年期),120486,04国电⑵,048009,04国电债(2),2019-09-22
2012年浙江远洲控股有限公司公司债券,124038,12远洲控,1280438,12远洲债,2019-12-04
2011年厦门建发集团有限公司企业债券,122778,11建发债,1180150,11厦门建发债,2019-10-28
2010年上海杨浦城市建设投资(集团)有限公司公司债券(浮动利率),122900,10杨浦02,1080082,10杨浦投债02,2017-07-28
2006年合肥城建投资控股有限公司公司债券,120610,06合城投,068038,06合城投债,2016-09-20
2010年河北建投交通投资有限责任公司公司债券,122885,10冀交通,1080112,10冀交通债,2025-09-28
2013年阳江市恒财城市投资控股有限公司公司,124343,13阳江债,1380262,13阳江债,2020-09-09
2012年慈溪市国有资产投资控股有限公司公司债券,122536,12慈国控,1280293,12慈溪国控债,2019-09-20
2011年深圳市中兴新通讯设备有限公司公司债券,122784,11中兴新,1180151,11中兴新债,2019-10-28
2010年楚雄州开发投资有限公司市政项目建设债券,122883,10楚雄债,1080123,10楚雄开投债,2017-10-18
2013年珠海汇华基础设施投资有限公司公司债券,124356,13珠汇华,1380280,13珠海汇华债,2020-09-17
2013年上海南房(集团)有限公司公司债券,124344,13沪南房,1380263,13南房债,2019-09-09
2013年钦州滨海新城资产管理有限公司公司债券,124362,13钦滨海,1380257,13钦州滨海债,2020-08-27
2010年榆林市城市投资经营集团有限公司公司债券,122863,10榆城投,1080176,10榆城投债,2017-12-28
2013年黔南州国有资本营运有限责任公司公司债券,124342,13黔南资,1380258,13黔南债,2020-09-04
2013年北京京煤集团有限责任公司公司债券,124345,13京煤债,1380268,13京煤债,2020-09-09
2013年北京市谷财国有资产经营有限公司公司债券,124348,13京谷财,1380261,13京谷财债,2020-09-06
2010年新疆天业(集团)有限公司公司债券,122880,10天业债,1080133,10天业债,2016-10-25
2012年大兴安岭林业集团公司企业债券,122508,12兴林业,1280342,12兴安林业债,2019-10-23
2013年新沂市城市投资发展有限公司公司债券,124386,13新沂债,1380314,13新沂债,2020-10-15
2013年寿光市城市建设投资开发有限公司公司债券,124413,13寿城投,1380308,13寿光城投债,2020-10-18
2012年丹阳投资集团有限公司市政项目建设债券,122696,12丹投债,1280030,12丹投债,2019-03-06
2012年青岛泰能燃气集团有限公司公司债券,122650,12泰能债,1280129,12泰能债,2018-04-25
2012年宁夏宝丰能源集团有限公司公司债券,124133,12宁宝源,1280404,12宝丰能源债,2019-11-19
2013年新郑新区发展投资有限责任公司公司债券,124316,13新郑投,1380231,13新郑债,2019-06-28
2013年安庆经济技术开发区建设投资集团有限公司公司债券,124307,13安经开,1380222,13安经开债,2020-06-18
2013年大洼县城市建设投资有限公司公司债券,124355,13洼城投,1380276,13大洼城投债,2020-09-17
2009年南山集团有限公司公司债券(六年期),122933,09南山1,0980142,09南山债01,2015-10-20
2009年南山集团有限公司公司债券(十年期),122934,09南山2,0980143,09南山债02,2019-10-20
2010年丹东城市开发建设投资有限公司市政项目建设债券,122893,10丹东债,1080108,10丹东债,2017-09-06
2012年济南市小清河开发建设投资有限公司公司债券,122567,12小清河,1280274,12济小清河债,2019-09-05
2012年吴江市交通投资集团有限公司公司债券,122506,12吴交投,1280374,12吴江交投债,2020-10-31
2011年联想控股有限公司公司债券,122786,11联想债,1180152,11联想债,2018-10-31