指标名称,中债国债到期收益率:1年,定期存款利率:1年(整存整取)
2002-01-04,2.5850 ,
2002-01-07,2.6009 ,
2002-01-08,1.9156 ,
2002-01-09,1.9040 ,
2002-01-10,1.8987 ,
2002-01-11,1.8757 ,
2002-01-14,1.6794 ,
2002-01-15,1.7265 ,
2002-01-16,1.7403 ,
2002-01-17,1.7165 ,
2002-01-18,2.3130 ,
2002-01-21,2.3057 ,
2002-01-22,2.3195 ,
2002-01-23,2.4151 ,
2002-01-24,2.2820 ,
2002-01-25,2.4084 ,
2002-01-28,2.3583 ,
2002-01-29,1.8731 ,
2002-01-30,2.3022 ,
2002-01-31,2.3164 ,
2002-02-01,2.2378 ,
2002-02-04,2.2322 ,
2002-02-05,2.1994 ,
2002-02-06,2.2673 ,
2002-02-07,2.1876 ,
2002-02-08,2.1877 ,
2002-02-09,2.2009 ,
2002-02-10,2.2233 ,
2002-02-11,2.2539 ,
2002-02-19,2.2399 ,
2002-02-20,2.1405 ,
2002-02-21,2.2222 ,1.98 
2002-02-22,2.2165 ,
2002-02-25,2.0962 ,
2002-02-26,2.0677 ,
2002-02-27,2.0638 ,
2002-02-28,2.0560 ,
2002-03-01,2.0791 ,
2002-03-04,2.1438 ,
2002-03-05,2.0757 ,
2002-03-06,1.9399 ,
2002-03-07,1.9249 ,
2002-03-08,1.8961 ,
2002-03-11,1.9272 ,
2002-03-12,1.9121 ,
2002-03-13,1.9312 ,
2002-03-14,1.9146 ,
2002-03-15,1.9500 ,
2002-03-18,2.0959 ,
2002-03-19,2.1169 ,
2002-03-20,2.1299 ,
2002-03-21,1.9244 ,
2002-03-22,1.9113 ,
2002-03-25,1.8447 ,
2002-03-26,1.8839 ,
2002-03-27,1.7698 ,
2002-03-28,1.8610 ,
2002-03-29,1.8750 ,
2002-04-01,1.9080 ,
2002-04-02,1.9516 ,
2002-04-03,1.9254 ,
2002-04-04,1.8484 ,
2002-04-05,1.7734 ,
2002-04-08,1.8599 ,
2002-04-09,1.8409 ,
2002-04-10,1.8942 ,
2002-04-11,1.8843 ,
2002-04-12,1.9654 ,
2002-04-15,1.9224 ,
2002-04-16,1.9474 ,
2002-04-17,1.8927 ,
2002-04-18,1.9182 ,
2002-04-19,2.0070 ,
2002-04-22,1.8999 ,
2002-04-23,1.9133 ,
2002-04-24,1.8967 ,
2002-04-25,1.8510 ,
2002-04-26,4.5045 ,
2002-04-27,1.8908 ,
2002-04-28,1.2306 ,
2002-04-29,1.8497 ,
2002-04-30,1.9305 ,
2002-05-08,1.8998 ,
2002-05-09,1.8600 ,
2002-05-10,1.9658 ,
2002-05-13,1.8602 ,
2002-05-14,1.8893 ,
2002-05-15,1.8644 ,
2002-05-16,1.8791 ,
2002-05-17,1.9003 ,
2002-05-20,1.8436 ,
2002-05-21,1.8761 ,
2002-05-22,1.8961 ,
2002-05-23,1.9587 ,
2002-05-24,1.9377 ,
2002-05-27,1.8459 ,
2002-05-28,1.8436 ,
2002-05-29,1.8478 ,
2002-05-30,1.8465 ,
2002-05-31,1.8519 ,
2002-06-03,1.8676 ,
2002-06-04,1.6270 ,
2002-06-05,1.6091 ,
2002-06-06,1.8219 ,
2002-06-07,1.7202 ,
2002-06-10,1.8630 ,
2002-06-11,1.8562 ,
2002-06-12,1.8689 ,
2002-06-13,1.8577 ,
2002-06-14,1.8205 ,
2002-06-17,1.8285 ,
2002-06-18,1.8880 ,
2002-06-19,1.8136 ,
2002-06-20,1.8243 ,
2002-06-21,1.8135 ,
2002-06-24,1.8172 ,
2002-06-25,1.6494 ,
2002-06-26,1.7942 ,
2002-06-27,1.8332 ,
2002-06-28,1.7864 ,
2002-07-01,1.8231 ,
2002-07-02,1.8344 ,
2002-07-03,1.8128 ,
2002-07-04,1.8003 ,
2002-07-05,1.7294 ,
2002-07-08,1.7566 ,
2002-07-09,1.7882 ,
2002-07-10,1.7161 ,
2002-07-11,1.7629 ,
2002-07-12,1.8939 ,
2002-07-15,1.5905 ,
2002-07-16,1.7369 ,
2002-07-17,1.8214 ,
2002-07-18,1.9216 ,
2002-07-19,1.7839 ,
2002-07-22,1.7520 ,
2002-07-23,1.6754 ,
2002-07-24,1.7000 ,
2002-07-25,1.8352 ,
2002-07-26,1.7389 ,
2002-07-29,1.8351 ,
2002-07-30,1.8563 ,
2002-07-31,1.7808 ,
2002-08-01,1.7821 ,
2002-08-02,1.8460 ,
2002-08-05,1.8022 ,
2002-08-06,1.7998 ,
2002-08-07,1.8029 ,
2002-08-08,1.8702 ,
2002-08-09,1.7204 ,
2002-08-12,1.8142 ,
2002-08-13,1.8662 ,
2002-08-14,1.8388 ,
2002-08-15,1.8493 ,
2002-08-16,1.6963 ,
2002-08-19,1.6550 ,
2002-08-20,1.6369 ,
2002-08-21,1.6791 ,
2002-08-22,1.9604 ,
2002-08-26,1.7066 ,
2002-08-27,1.7648 ,
2002-08-28,1.8414 ,
2002-08-29,1.8754 ,
2002-08-30,1.8121 ,
2002-09-02,1.7745 ,
2002-09-03,1.8837 ,
2002-09-04,1.8908 ,
2002-09-05,1.7623 ,
2002-09-06,1.7777 ,
2002-09-09,1.6896 ,
2002-09-10,1.4404 ,
2002-09-11,1.9081 ,
2002-09-12,1.9702 ,
2002-09-13,1.5929 ,
2002-09-16,1.7957 ,
2002-09-17,1.8250 ,
2002-09-18,1.9719 ,
2002-09-19,1.6683 ,
2002-09-20,1.9591 ,
2002-09-23,2.0570 ,
2002-09-24,2.0173 ,
2002-09-25,2.0127 ,
2002-09-26,1.8747 ,
2002-09-27,1.9901 ,
2002-09-28,2.0990 ,
2002-09-29,1.9375 ,
2002-09-30,1.6107 ,
2002-10-08,2.0364 ,
2002-10-09,2.0477 ,
2002-10-10,1.9939 ,
2002-10-11,2.0099 ,
2002-10-14,2.0190 ,
2002-10-15,1.9749 ,
2002-10-16,1.9861 ,
2002-10-17,1.8335 ,
2002-10-18,2.0486 ,
2002-10-21,2.0104 ,
2002-10-22,2.0436 ,
2002-10-23,2.0472 ,
2002-10-24,2.0936 ,
2002-10-25,2.0824 ,
2002-10-28,2.1948 ,
2002-10-29,2.1435 ,
2002-10-30,2.0527 ,
2002-10-31,2.0243 ,
2002-11-01,2.0138 ,
2002-11-04,2.2302 ,
2002-11-05,2.0029 ,
2002-11-06,1.9747 ,
2002-11-07,1.9673 ,
2002-11-08,1.5531 ,
2002-11-11,1.9588 ,
2002-11-12,1.9593 ,
2002-11-13,1.9673 ,
2002-11-14,1.9725 ,
2002-11-15,1.9782 ,
2002-11-18,1.9597 ,
2002-11-19,1.6399 ,
2002-11-20,1.9692 ,
2002-11-21,1.9168 ,
2002-11-22,1.8910 ,
2002-11-25,1.8846 ,
2002-11-26,1.8448 ,
2002-11-27,1.8746 ,
2002-11-28,1.8819 ,
2002-11-29,1.6542 ,
2002-12-02,1.9306 ,
2002-12-03,1.9265 ,
2002-12-04,1.9266 ,
2002-12-05,1.8794 ,
2002-12-06,1.9124 ,
2002-12-09,1.8278 ,
2002-12-10,1.8945 ,
2002-12-11,1.8464 ,
2002-12-12,1.9075 ,
2002-12-13,2.2620 ,
2002-12-16,1.8948 ,
2002-12-17,1.8537 ,
2002-12-18,1.8576 ,
2002-12-19,1.8993 ,
2002-12-20,1.8957 ,
2002-12-23,1.8744 ,
2002-12-24,2.2408 ,
2002-12-25,1.7498 ,
2002-12-26,2.2333 ,
2002-12-27,1.6835 ,
2002-12-30,2.0326 ,
2002-12-31,2.0946 ,
2003-01-02,1.7107 ,
2003-01-03,1.7758 ,
2003-01-06,1.7304 ,
2003-01-07,2.1145 ,
2003-01-08,1.8089 ,
2003-01-09,1.8291 ,
2003-01-10,1.7281 ,
2003-01-13,1.7261 ,
2003-01-14,1.7102 ,
2003-01-15,1.6644 ,
2003-01-16,1.6729 ,
2003-01-17,1.6066 ,
2003-01-20,1.7716 ,
2003-01-21,1.6408 ,
2003-01-22,1.6060 ,
2003-01-23,1.6013 ,
2003-01-24,2.1695 ,
2003-01-27,1.7802 ,
2003-01-28,1.5833 ,
2003-01-29,1.5715 ,
2003-01-30,2.0857 ,
2003-01-31,2.1187 ,
2003-02-08,1.4676 ,
2003-02-09,1.4553 ,
2003-02-10,1.5856 ,
2003-02-11,2.1326 ,
2003-02-12,1.4201 ,
2003-02-13,1.4073 ,
2003-02-14,1.3571 ,
2003-02-17,2.0403 ,
2003-02-18,1.3192 ,
2003-02-19,1.3972 ,
2003-02-20,1.3162 ,
2003-02-21,1.3563 ,
2003-02-24,2.1418 ,
2003-02-25,1.2741 ,
2003-02-26,1.3042 ,
2003-02-27,1.2962 ,
2003-02-28,1.2909 ,
2003-03-03,2.0216 ,
2003-03-04,1.2303 ,
2003-03-05,2.1501 ,
2003-03-06,2.1186 ,
2003-03-07,1.1877 ,
2003-03-10,2.0676 ,
2003-03-11,2.2071 ,
2003-03-12,1.2546 ,
2003-03-13,2.0382 ,
2003-03-14,2.0701 ,
2003-03-17,1.0985 ,
2003-03-18,1.7622 ,
2003-03-19,1.5798 ,
2003-03-20,1.1239 ,
2003-03-21,2.2303 ,
2003-03-24,1.5181 ,
2003-03-25,1.5577 ,
2003-03-26,2.1118 ,
2003-03-27,0.9228 ,
2003-03-28,2.1213 ,
2003-03-31,2.0500 ,
2003-04-01,2.1522 ,
2003-04-02,2.0969 ,
2003-04-03,2.0814 ,
2003-04-04,2.1536 ,
2003-04-07,2.0511 ,
2003-04-08,2.0503 ,
2003-04-09,2.0052 ,
2003-04-10,2.0136 ,
2003-04-11,2.1845 ,
2003-04-14,0.5689 ,
2003-04-15,2.0606 ,
2003-04-16,2.0215 ,
2003-04-17,2.0761 ,
2003-04-18,2.1121 ,
2003-04-21,2.1080 ,
2003-04-22,0.3656 ,
2003-04-23,2.0096 ,
2003-04-24,1.7678 ,
2003-04-25,2.1403 ,
2003-04-28,2.2170 ,
2003-04-29,2.1879 ,
2003-05-06,2.0520 ,
2003-05-07,2.0608 ,
2003-05-08,2.0340 ,
2003-05-09,2.0818 ,
2003-05-12,2.0683 ,
2003-05-13,2.0247 ,
2003-05-14,2.0982 ,
2003-05-15,2.0930 ,
2003-05-16,2.0911 ,
2003-05-19,2.0196 ,
2003-05-20,1.9479 ,
2003-05-21,2.0214 ,
2003-05-22,2.0211 ,
2003-05-23,2.0562 ,
2003-05-26,2.0295 ,
2003-05-27,2.0607 ,
2003-05-28,1.9664 ,
2003-05-29,2.0350 ,
2003-05-30,2.0392 ,
2003-06-02,1.9918 ,
2003-06-03,2.1142 ,
2003-06-04,2.0462 ,
2003-06-05,2.0477 ,
2003-06-06,2.0095 ,
2003-06-09,2.0993 ,
2003-06-10,2.8298 ,
2003-06-11,2.2177 ,
2003-06-12,2.1281 ,
2003-06-13,2.1943 ,
2003-06-16,2.1192 ,
2003-06-17,2.1533 ,
2003-06-18,2.0992 ,
2003-06-20,2.1495 ,
2003-06-23,2.1940 ,
2003-06-24,2.1591 ,
2003-06-25,2.1525 ,
2003-06-26,2.5980 ,
2003-06-27,2.1819 ,
2003-06-30,2.0458 ,
2003-07-01,2.0797 ,
2003-07-02,2.2007 ,
2003-07-03,2.1758 ,
2003-07-04,2.2092 ,
2003-07-07,2.2409 ,
2003-07-08,2.1504 ,
2003-07-09,2.1309 ,
2003-07-10,2.1844 ,
2003-07-11,2.1222 ,
2003-07-14,2.4514 ,
2003-07-15,2.4322 ,
2003-07-16,2.4763 ,
2003-07-17,2.4381 ,
2003-07-18,2.4362 ,
2003-07-21,2.4563 ,
2003-07-22,2.4263 ,
2003-07-23,2.3248 ,
2003-07-24,2.2940 ,
2003-07-25,2.3136 ,
2003-07-28,2.3486 ,
2003-07-29,2.3314 ,
2003-07-30,2.3193 ,
2003-07-31,2.3117 ,
2003-08-01,2.3303 ,
2003-08-04,2.1530 ,
2003-08-05,2.3116 ,
2003-08-06,2.3242 ,
2003-08-07,2.3248 ,
2003-08-11,2.4600 ,
2003-08-12,2.5462 ,
2003-08-13,2.4780 ,
2003-08-14,2.4843 ,
2003-08-19,2.5480 ,
2003-08-20,2.4987 ,
2003-08-21,2.5583 ,
2003-08-22,2.5467 ,
2003-08-25,2.5344 ,
2003-08-26,2.5212 ,
2003-08-27,2.6306 ,
2003-08-28,2.6406 ,
2003-08-29,2.5643 ,
2003-09-01,2.5629 ,
2003-09-02,2.5945 ,
2003-09-03,2.5630 ,
2003-09-04,2.5892 ,
2003-09-05,2.5827 ,
2003-09-08,2.5623 ,
2003-09-09,2.6193 ,
2003-09-10,2.6166 ,
2003-09-11,2.6233 ,
2003-09-12,2.6334 ,
2003-09-15,2.3881 ,
2003-09-16,2.6510 ,
2003-09-17,2.7243 ,
2003-09-18,2.6606 ,
2003-09-19,2.8387 ,
2003-09-22,2.6010 ,
2003-09-23,2.5014 ,
2003-09-24,2.5584 ,
2003-09-25,2.7088 ,
2003-09-26,2.5631 ,
2003-09-27,2.5545 ,
2003-09-28,2.6277 ,
2003-09-29,2.3261 ,
2003-09-30,2.3225 ,
2003-10-08,2.3320 ,
2003-10-09,2.5067 ,
2003-10-10,2.7598 ,
2003-10-13,2.8721 ,
2003-10-14,2.6002 ,
2003-10-15,2.4967 ,
2003-10-16,2.4647 ,
2003-10-17,2.6967 ,
2003-10-20,2.6636 ,
2003-10-21,2.3559 ,
2003-10-22,2.4695 ,
2003-10-23,2.5360 ,
2003-10-24,2.2142 ,
2003-10-27,2.8312 ,
2003-10-28,2.6529 ,
2003-10-29,2.6117 ,
2003-10-30,2.4299 ,
2003-10-31,2.7334 ,
2003-11-03,2.7341 ,
2003-11-04,2.7668 ,
2003-11-05,2.6247 ,
2003-11-06,2.5694 ,
2003-11-07,2.4661 ,
2003-11-10,2.5829 ,
2003-11-11,2.6017 ,
2003-11-12,2.5484 ,
2003-11-13,2.5431 ,
2003-11-14,2.6540 ,
2003-11-17,2.5262 ,
2003-11-18,2.4528 ,
2003-11-19,2.4285 ,
2003-11-20,2.3822 ,
2003-11-21,2.2968 ,
2003-11-24,2.2782 ,
2003-11-25,2.5496 ,
2003-11-26,2.2308 ,
2003-11-28,2.0039 ,
2003-12-01,2.2389 ,
2003-12-02,2.1793 ,
2003-12-03,2.2404 ,
2003-12-04,2.3361 ,
2003-12-05,2.3431 ,
2003-12-08,2.2413 ,
2003-12-09,2.4957 ,
2003-12-10,2.3118 ,
2003-12-11,2.3311 ,
2003-12-12,2.3230 ,
2003-12-15,2.3063 ,
2003-12-16,2.0477 ,
2003-12-17,2.1751 ,
2003-12-18,2.1894 ,
2003-12-19,2.3298 ,
2003-12-22,2.4681 ,
2003-12-23,2.4333 ,
2003-12-24,2.3261 ,
2003-12-25,2.3339 ,
2003-12-26,2.3665 ,
2003-12-29,2.3054 ,
2003-12-30,2.2204 ,
2003-12-31,1.9806 ,
2004-01-02,1.9468 ,
2004-01-05,2.2893 ,
2004-01-06,2.3151 ,
2004-01-07,2.3437 ,
2004-01-08,2.3243 ,
2004-01-09,3.1679 ,
2004-01-12,2.2726 ,
2004-01-13,2.3125 ,
2004-01-14,2.4940 ,
2004-01-15,2.2607 ,
2004-01-16,2.4754 ,
2004-01-17,2.4352 ,
2004-01-18,2.2956 ,
2004-01-19,2.3985 ,
2004-01-20,2.2840 ,
2004-01-21,2.4259 ,
2004-01-29,2.4020 ,
2004-01-30,2.3698 ,
2004-02-02,2.3943 ,
2004-02-03,2.4365 ,
2004-02-04,2.5047 ,
2004-02-05,2.3005 ,
2004-02-06,2.1832 ,
2004-02-09,2.4422 ,
2004-02-10,2.4648 ,
2004-02-11,2.2006 ,
2004-02-12,2.5362 ,
2004-02-13,2.4717 ,
2004-02-16,2.1508 ,
2004-02-17,2.4634 ,
2004-02-18,2.4898 ,
2004-02-19,2.4729 ,
2004-02-20,2.1856 ,
2004-02-23,2.4977 ,
2004-02-24,2.4994 ,
2004-02-25,2.4782 ,
2004-02-26,2.4633 ,
2004-02-27,2.4287 ,
2004-03-01,2.4430 ,
2004-03-02,2.5083 ,
2004-03-03,2.4504 ,
2004-03-04,2.4933 ,
2004-03-05,2.4752 ,
2004-03-08,2.4733 ,
2004-03-09,2.4826 ,
2004-03-10,2.4866 ,
2004-03-11,2.4787 ,
2004-03-12,2.4908 ,
2004-03-15,2.4226 ,
2004-03-16,2.3448 ,
2004-03-17,2.2446 ,
2004-03-18,2.3048 ,
2004-03-19,2.6173 ,
2004-03-22,2.6376 ,
2004-03-23,2.5630 ,
2004-03-24,2.7087 ,
2004-03-25,2.5566 ,
2004-03-26,2.6043 ,
2004-03-29,2.5895 ,
2004-03-30,2.4367 ,
2004-03-31,2.3950 ,
2004-04-01,2.5517 ,
2004-04-05,2.5125 ,
2004-04-06,2.4099 ,
2004-04-07,2.6640 ,
2004-04-08,2.6130 ,
2004-04-09,2.5144 ,
2004-04-12,2.6068 ,
2004-04-13,2.6556 ,
2004-04-14,2.7290 ,
2004-04-15,2.6433 ,
2004-04-16,2.9634 ,
2004-04-19,2.8448 ,
2004-04-20,2.6619 ,
2004-04-21,2.6413 ,
2004-04-22,2.6520 ,
2004-04-23,2.4708 ,
2004-04-26,2.7800 ,
2004-04-27,2.6819 ,
2004-04-28,2.6983 ,
2004-04-29,2.7021 ,
2004-04-30,2.8362 ,
2004-05-08,2.8064 ,
2004-05-09,2.7440 ,
2004-05-10,2.7222 ,
2004-05-11,2.7880 ,
2004-05-12,2.8187 ,
2004-05-13,2.9260 ,
2004-05-14,2.6882 ,
2004-05-17,2.6350 ,
2004-05-18,2.6112 ,
2004-05-19,2.8589 ,
2004-05-20,2.9312 ,
2004-05-21,3.0464 ,
2004-05-24,3.0618 ,
2004-05-25,2.6512 ,
2004-05-26,2.8810 ,
2004-05-27,3.0088 ,
2004-05-28,2.9246 ,
2004-05-31,3.0515 ,
2004-06-01,2.8456 ,
2004-06-02,2.8088 ,
2004-06-03,2.8462 ,
2004-06-04,2.7798 ,
2004-06-07,2.9539 ,
2004-06-08,2.8967 ,
2004-06-09,3.0548 ,
2004-06-10,3.0311 ,
2004-06-11,3.0496 ,
2004-06-14,3.2209 ,
2004-06-15,2.8793 ,
2004-06-16,3.0897 ,
2004-06-17,2.8089 ,
2004-06-18,2.8873 ,
2004-06-21,2.9972 ,
2004-06-22,3.0801 ,
2004-06-23,2.8510 ,
2004-06-24,2.8777 ,
2004-06-25,2.8966 ,
2004-06-28,3.1910 ,
2004-06-29,2.9183 ,
2004-06-30,3.0914 ,
2004-07-01,3.0717 ,
2004-07-02,3.3031 ,
2004-07-05,2.8035 ,
2004-07-06,3.0636 ,
2004-07-07,3.1378 ,
2004-07-08,3.0338 ,
2004-07-09,3.0434 ,
2004-07-12,3.1530 ,
2004-07-13,3.0672 ,
2004-07-14,3.0806 ,
2004-07-15,3.1640 ,
2004-07-16,3.0406 ,
2004-07-19,3.0549 ,
2004-07-20,3.1226 ,
2004-07-21,3.1787 ,
2004-07-22,3.1267 ,
2004-07-23,3.0320 ,
2004-07-26,3.1848 ,
2004-07-27,3.1043 ,
2004-07-28,3.0140 ,
2004-07-29,3.0152 ,
2004-07-30,2.7407 ,
2004-08-02,2.6808 ,
2004-08-03,3.0450 ,
2004-08-04,2.9887 ,
2004-08-05,2.8804 ,
2004-08-06,2.7979 ,
2004-08-09,3.0704 ,
2004-08-10,2.9789 ,
2004-08-11,3.0114 ,
2004-08-12,3.0589 ,
2004-08-13,3.0432 ,
2004-08-16,3.1592 ,
2004-08-17,8.8229 ,
2004-08-18,2.5387 ,
2004-08-19,3.0367 ,
2004-08-20,3.0275 ,
2004-08-23,3.1257 ,
2004-08-24,3.1132 ,
2004-08-25,3.0242 ,
2004-08-26,3.0050 ,
2004-08-27,2.9963 ,
2004-08-30,3.1693 ,
2004-08-31,3.0397 ,
2004-09-01,3.2361 ,
2004-09-02,2.9559 ,
2004-09-03,3.1738 ,
2004-09-06,3.0640 ,
2004-09-07,3.0372 ,
2004-09-08,3.1381 ,
2004-09-09,3.0626 ,
2004-09-10,2.9972 ,
2004-09-13,3.2010 ,
2004-09-14,3.0635 ,
2004-09-15,3.0117 ,
2004-09-16,3.1090 ,
2004-09-17,3.0589 ,
2004-09-20,3.0187 ,
2004-09-21,3.0854 ,
2004-09-22,2.9338 ,
2004-09-23,3.0466 ,
2004-09-24,3.0223 ,
2004-09-27,2.7609 ,
2004-09-28,2.8709 ,
2004-09-29,2.8728 ,
2004-09-30,2.9554 ,
2004-10-08,2.9182 ,
2004-10-09,3.0569 ,
2004-10-10,3.1110 ,
2004-10-11,3.0385 ,
2004-10-12,2.9452 ,
2004-10-13,2.9787 ,
2004-10-14,2.9668 ,
2004-10-15,2.9539 ,
2004-10-18,2.9045 ,
2004-10-19,3.0413 ,
2004-10-20,3.0134 ,
2004-10-21,2.8883 ,
2004-10-22,2.9244 ,
2004-10-25,3.0009 ,
2004-10-26,3.0915 ,
2004-10-27,2.9630 ,
2004-10-28,2.9468 ,
2004-10-29,3.2635 ,2.25 
2004-11-01,3.2027 ,
2004-11-02,3.1291 ,
2004-11-03,3.0172 ,
2004-11-04,3.0332 ,
2004-11-05,3.0461 ,
2004-11-08,3.1014 ,
2004-11-09,3.0794 ,
2004-11-10,2.4630 ,
2004-11-11,3.0049 ,
2004-11-12,3.0198 ,
2004-11-15,3.0219 ,
2004-11-16,2.9826 ,
2004-11-17,2.9599 ,
2004-11-18,3.0250 ,
2004-11-19,3.0144 ,
2004-11-22,3.0787 ,
2004-11-23,2.9945 ,
2004-11-24,3.0119 ,
2004-11-25,2.9789 ,
2004-11-26,2.9861 ,
2004-11-29,3.0825 ,
2004-11-30,3.0084 ,
2004-12-01,3.4748 ,
2004-12-02,2.9966 ,
2004-12-03,2.9534 ,
2004-12-06,2.9519 ,
2004-12-07,2.8537 ,
2004-12-08,2.8820 ,
2004-12-09,2.9210 ,
2004-12-10,2.4693 ,
2004-12-13,2.7810 ,
2004-12-14,2.7330 ,
2004-12-15,2.8308 ,
2004-12-16,2.8593 ,
2004-12-17,2.9973 ,
2004-12-20,3.0351 ,
2004-12-21,2.9691 ,
2004-12-22,2.8842 ,
2004-12-23,2.8985 ,
2004-12-24,2.8552 ,
2004-12-27,2.9072 ,
2004-12-28,3.0686 ,
2004-12-29,2.8464 ,
2004-12-30,2.9309 ,
2004-12-31,2.9202 ,
2005-01-04,3.1095 ,
2005-01-05,2.8868 ,
2005-01-06,2.8443 ,
2005-01-07,2.7286 ,
2005-01-10,2.7976 ,
2005-01-11,2.7864 ,
2005-01-12,2.7728 ,
2005-01-13,2.7124 ,
2005-01-14,2.7181 ,
2005-01-17,2.7729 ,
2005-01-18,2.7253 ,
2005-01-19,2.7705 ,
2005-01-20,2.8989 ,
2005-01-21,2.9589 ,
2005-01-24,2.8094 ,
2005-01-25,2.8045 ,
2005-01-26,2.8953 ,
2005-01-27,2.8677 ,
2005-01-28,2.7318 ,
2005-01-31,2.8151 ,
2005-02-01,2.8033 ,
2005-02-02,2.7820 ,
2005-02-03,2.8856 ,
2005-02-04,2.8920 ,
2005-02-05,2.9913 ,
2005-02-06,2.8937 ,
2005-02-07,2.8363 ,
2005-02-08,2.7922 ,
2005-02-16,2.8912 ,
2005-02-17,2.8368 ,
2005-02-18,2.8474 ,
2005-02-21,2.7068 ,
2005-02-22,2.8355 ,
2005-02-23,2.9011 ,
2005-02-24,2.8920 ,
2005-02-25,2.8503 ,
2005-02-28,2.7235 ,
2005-03-01,2.6758 ,
2005-03-02,2.7183 ,
2005-03-03,2.8036 ,
2005-03-04,2.7079 ,
2005-03-07,2.7582 ,
2005-03-08,2.5261 ,
2005-03-09,2.5813 ,
2005-03-10,2.4970 ,
2005-03-11,2.5504 ,
2005-03-14,2.5116 ,
2005-03-15,2.9443 ,
2005-03-16,3.0904 ,
2005-03-17,2.8447 ,
2005-03-18,2.7896 ,
2005-03-21,2.7906 ,
2005-03-22,2.8187 ,
2005-03-23,2.8823 ,
2005-03-24,2.9168 ,
2005-03-25,2.8639 ,
2005-03-28,2.8419 ,
2005-03-29,2.7871 ,
2005-03-30,2.7761 ,
2005-03-31,2.6001 ,
2005-04-01,2.7696 ,
2005-04-04,2.6910 ,
2005-04-05,2.7200 ,
2005-04-06,2.7133 ,
2005-04-07,2.5386 ,
2005-04-08,2.6329 ,
2005-04-11,2.7005 ,
2005-04-12,2.5110 ,
2005-04-13,2.5263 ,
2005-04-14,2.4031 ,
2005-04-15,2.5018 ,
2005-04-18,2.5733 ,
2005-04-19,2.7378 ,
2005-04-20,2.5849 ,
2005-04-21,2.4758 ,
2005-04-22,2.4236 ,
2005-04-25,2.4109 ,
2005-04-26,2.7392 ,
2005-04-27,2.6547 ,
2005-04-28,2.7101 ,
2005-04-29,2.6179 ,
2005-04-30,2.6853 ,
2005-05-08,2.6212 ,
2005-05-09,2.6626 ,
2005-05-10,2.5776 ,
2005-05-11,2.6605 ,
2005-05-12,2.5839 ,
2005-05-13,2.5305 ,
2005-05-16,2.5251 ,
2005-05-17,2.5754 ,
2005-05-18,2.5495 ,
2005-05-19,2.5365 ,
2005-05-20,2.4849 ,
2005-05-23,2.3540 ,
2005-05-24,2.3218 ,
2005-05-25,2.4191 ,
2005-05-26,2.3022 ,
2005-05-27,2.3815 ,
2005-05-30,2.4234 ,
2005-05-31,2.4216 ,
2005-06-01,2.2994 ,
2005-06-02,2.3213 ,
2005-06-03,2.2677 ,
2005-06-06,2.2831 ,
2005-06-07,2.3244 ,
2005-06-08,2.3247 ,
2005-06-09,2.1658 ,
2005-06-10,2.1860 ,
2005-06-13,2.1419 ,
2005-06-14,2.1320 ,
2005-06-15,2.1683 ,
2005-06-16,1.9976 ,
2005-06-17,2.2583 ,
2005-06-20,2.3887 ,
2005-06-21,2.0399 ,
2005-06-22,2.0453 ,
2005-06-23,2.6436 ,
2005-06-24,2.3011 ,
2005-06-27,2.2040 ,
2005-06-28,2.1985 ,
2005-06-29,2.1185 ,
2005-06-30,2.1058 ,
2005-07-01,2.1680 ,
2005-07-04,2.0567 ,
2005-07-05,2.0371 ,
2005-07-06,2.0618 ,
2005-07-07,2.0580 ,
2005-07-08,2.0019 ,
2005-07-11,2.0453 ,
2005-07-12,2.0228 ,
2005-07-13,1.9644 ,
2005-07-14,2.0663 ,
2005-07-15,1.5745 ,
2005-07-18,1.5718 ,
2005-07-19,1.6131 ,
2005-07-20,1.6643 ,
2005-07-21,1.6687 ,
2005-07-22,1.6524 ,
2005-07-25,1.5678 ,
2005-07-26,1.5650 ,
2005-07-27,1.4925 ,
2005-07-28,1.5895 ,
2005-07-29,1.6115 ,
2005-08-01,1.7207 ,
2005-08-02,1.6101 ,
2005-08-03,1.8535 ,
2005-08-04,1.5525 ,
2005-08-05,1.6584 ,
2005-08-08,1.6351 ,
2005-08-09,1.5671 ,
2005-08-10,1.7078 ,
2005-08-11,1.5966 ,
2005-08-12,1.6607 ,
2005-08-15,1.6395 ,
2005-08-16,1.6544 ,
2005-08-17,1.5693 ,
2005-08-18,1.5986 ,
2005-08-19,1.5364 ,
2005-08-22,1.6341 ,
2005-08-23,1.5971 ,
2005-08-24,1.6884 ,
2005-08-25,1.4840 ,
2005-08-26,1.4536 ,
2005-08-29,1.3813 ,
2005-08-30,1.4249 ,
2005-08-31,1.4272 ,
2005-09-01,1.4338 ,
2005-09-02,1.4000 ,
2005-09-05,1.4691 ,
2005-09-06,1.4284 ,
2005-09-07,1.4224 ,
2005-09-08,1.4497 ,
2005-09-09,1.4458 ,
2005-09-12,1.4444 ,
2005-09-13,1.4390 ,
2005-09-14,1.4477 ,
2005-09-15,1.3815 ,
2005-09-16,1.4544 ,
2005-09-19,1.4307 ,
2005-09-20,1.3217 ,
2005-09-21,1.3972 ,
2005-09-22,1.3658 ,
2005-09-23,1.4259 ,
2005-09-26,1.3585 ,
2005-09-27,1.3760 ,
2005-09-28,1.3621 ,
2005-09-29,1.6636 ,
2005-09-30,1.3577 ,
2005-10-08,1.3837 ,
2005-10-09,1.3923 ,
2005-10-10,1.4283 ,
2005-10-11,1.3597 ,
2005-10-12,1.4345 ,
2005-10-13,1.4083 ,
2005-10-14,1.3701 ,
2005-10-17,1.4194 ,
2005-10-18,1.4104 ,
2005-10-19,1.3834 ,
2005-10-20,1.3847 ,
2005-10-21,1.4763 ,
2005-10-24,1.3797 ,
2005-10-25,1.5025 ,
2005-10-26,1.4853 ,
2005-10-27,1.4845 ,
2005-10-28,1.4454 ,
2005-10-31,1.4260 ,
2005-11-01,1.4388 ,
2005-11-02,1.4884 ,
2005-11-03,1.4769 ,
2005-11-04,1.4775 ,
2005-11-07,1.4584 ,
2005-11-08,1.6520 ,
2005-11-09,1.5975 ,
2005-11-10,1.6116 ,
2005-11-11,1.5102 ,
2005-11-14,1.6582 ,
2005-11-15,1.7965 ,
2005-11-16,1.5609 ,
2005-11-17,1.5823 ,
2005-11-18,1.6511 ,
2005-11-21,1.5998 ,
2005-11-22,1.8618 ,
2005-11-23,1.6151 ,
2005-11-24,1.7875 ,
2005-11-25,1.7408 ,
2005-11-28,1.7135 ,
2005-11-29,1.8913 ,
2005-11-30,1.7850 ,
2005-12-01,1.8279 ,
2005-12-02,1.8752 ,
2005-12-05,1.9444 ,
2005-12-06,1.9277 ,
2005-12-07,1.9461 ,
2005-12-08,1.8700 ,
2005-12-09,1.8693 ,
2005-12-12,1.9135 ,
2005-12-13,1.9011 ,
2005-12-14,1.8618 ,
2005-12-15,1.8253 ,
2005-12-16,1.7404 ,
2005-12-19,1.8143 ,
2005-12-20,1.7686 ,
2005-12-21,2.1131 ,
2005-12-22,1.6405 ,
2005-12-23,1.8317 ,
2005-12-26,1.7523 ,
2005-12-27,1.6994 ,
2005-12-28,1.7066 ,
2005-12-29,1.7573 ,
2005-12-30,1.8600 ,
2005-12-31,1.7782 ,
2006-01-04,1.6700 ,
2006-01-05,1.7011 ,
2006-01-06,1.6630 ,
2006-01-09,1.6531 ,
2006-01-10,1.6436 ,
2006-01-11,1.5986 ,
2006-01-12,1.6221 ,
2006-01-13,1.5363 ,
2006-01-16,1.6985 ,
2006-01-17,1.6837 ,
2006-01-18,1.6020 ,
2006-01-19,1.6087 ,
2006-01-20,1.6252 ,
2006-01-23,1.5875 ,
2006-01-24,1.6936 ,
2006-01-25,1.6572 ,
2006-01-26,1.6543 ,
2006-01-27,1.6574 ,
2006-01-28,1.6571 ,
2006-02-05,1.6568 ,
2006-02-06,1.5819 ,
2006-02-07,1.5566 ,
2006-02-08,1.6920 ,
2006-02-09,1.7389 ,
2006-02-10,1.6839 ,
2006-02-13,1.7963 ,
2006-02-14,1.7764 ,
2006-02-15,1.5176 ,
2006-02-16,1.7467 ,
2006-02-17,1.6320 ,
2006-02-20,1.6588 ,
2006-02-21,1.5526 ,
2006-02-22,1.6581 ,
2006-02-23,1.7625 ,
2006-02-24,1.7888 ,
2006-02-27,1.8515 ,
2006-02-28,1.7030 ,
2006-03-01,1.6800 ,
2006-03-02,1.6900 ,
2006-03-03,1.6800 ,
2006-03-06,1.7300 ,
2006-03-07,1.7100 ,
2006-03-08,1.6900 ,
2006-03-09,1.6800 ,
2006-03-10,1.6700 ,
2006-03-13,1.6800 ,
2006-03-14,1.6900 ,
2006-03-15,1.7100 ,
2006-03-16,1.7200 ,
2006-03-17,1.7000 ,
2006-03-20,1.7100 ,
2006-03-21,1.7000 ,
2006-03-22,1.7100 ,
2006-03-23,1.6900 ,
2006-03-24,1.6800 ,
2006-03-27,1.7141 ,
2006-03-28,1.7003 ,
2006-03-29,1.7029 ,
2006-03-30,1.7200 ,
2006-03-31,1.7100 ,
2006-04-03,1.7200 ,
2006-04-04,1.7254 ,
2006-04-05,1.7020 ,
2006-04-06,1.6916 ,
2006-04-07,1.6400 ,
2006-04-10,1.6551 ,
2006-04-11,1.6661 ,
2006-04-12,1.6892 ,
2006-04-13,1.7000 ,
2006-04-14,1.7083 ,
2006-04-17,1.7050 ,
2006-04-18,1.7077 ,
2006-04-19,1.7000 ,
2006-04-20,1.7074 ,
2006-04-21,1.7200 ,
2006-04-24,1.7023 ,
2006-04-25,1.7205 ,
2006-04-26,1.7000 ,
2006-04-27,1.7331 ,
2006-04-28,1.7210 ,
2006-04-29,1.7192 ,
2006-04-30,1.7250 ,
2006-05-08,1.7100 ,
2006-05-09,1.7100 ,
2006-05-10,1.6883 ,
2006-05-11,1.6944 ,
2006-05-12,1.7400 ,
2006-05-15,1.7700 ,
2006-05-16,1.7800 ,
2006-05-17,1.7500 ,
2006-05-18,1.7401 ,
2006-05-19,1.7379 ,
2006-05-22,1.7293 ,
2006-05-23,1.7220 ,
2006-05-24,1.7206 ,
2006-05-25,1.7299 ,
2006-05-26,1.7306 ,
2006-05-29,1.7316 ,
2006-05-30,1.7357 ,
2006-05-31,1.7373 ,
2006-06-01,1.7451 ,
2006-06-02,1.7745 ,
2006-06-05,1.7980 ,
2006-06-06,1.8020 ,
2006-06-07,1.8029 ,
2006-06-08,1.8121 ,
2006-06-09,1.8439 ,
2006-06-12,1.8874 ,
2006-06-13,1.8963 ,
2006-06-14,1.9300 ,
2006-06-15,1.9500 ,
2006-06-16,1.9500 ,
2006-06-19,2.0000 ,
2006-06-20,2.0000 ,
2006-06-21,2.0300 ,
2006-06-22,2.0300 ,
2006-06-23,2.0200 ,
2006-06-26,2.0100 ,
2006-06-27,1.9900 ,
2006-06-28,2.0200 ,
2006-06-29,2.0000 ,
2006-06-30,2.0100 ,
2006-07-03,2.0070 ,
2006-07-04,2.0000 ,
2006-07-05,2.0000 ,
2006-07-06,1.9940 ,
2006-07-07,1.9900 ,
2006-07-10,1.9910 ,
2006-07-11,1.9650 ,
2006-07-12,1.9800 ,
2006-07-13,1.9950 ,
2006-07-14,2.0000 ,
2006-07-17,2.0116 ,
2006-07-18,1.9872 ,
2006-07-19,1.9800 ,
2006-07-20,2.0100 ,
2006-07-21,2.0090 ,
2006-07-24,2.2100 ,
2006-07-25,2.2150 ,
2006-07-26,2.2500 ,
2006-07-27,2.2200 ,
2006-07-28,2.2000 ,
2006-07-31,2.2300 ,
2006-08-01,2.2200 ,
2006-08-02,2.2200 ,
2006-08-03,2.2100 ,
2006-08-04,2.2070 ,
2006-08-07,2.2070 ,
2006-08-08,2.2070 ,
2006-08-09,2.1950 ,
2006-08-10,2.1950 ,
2006-08-11,2.1840 ,
2006-08-14,2.1650 ,
2006-08-15,2.1520 ,
2006-08-16,2.1020 ,
2006-08-17,2.0900 ,
2006-08-18,2.0500 ,
2006-08-19,,2.52 
2006-08-21,2.1250 ,
2006-08-22,2.1030 ,
2006-08-23,2.1000 ,
2006-08-24,2.0850 ,
2006-08-25,2.0650 ,
2006-08-28,2.0450 ,
2006-08-29,2.0360 ,
2006-08-30,2.0350 ,
2006-08-31,2.0310 ,
2006-09-01,2.0480 ,
2006-09-04,2.0370 ,
2006-09-05,2.0410 ,
2006-09-06,2.0450 ,
2006-09-07,2.0400 ,
2006-09-08,2.0410 ,
2006-09-11,2.0400 ,
2006-09-12,2.0804 ,
2006-09-13,2.0450 ,
2006-09-14,2.0113 ,
2006-09-15,2.0146 ,
2006-09-18,1.9949 ,
2006-09-19,1.9956 ,
2006-09-20,1.9943 ,
2006-09-21,1.9851 ,
2006-09-22,1.9822 ,
2006-09-25,1.9819 ,
2006-09-26,1.9887 ,
2006-09-27,2.0200 ,
2006-09-28,2.0219 ,
2006-09-29,2.0159 ,
2006-09-30,2.0150 ,
2006-10-08,2.0339 ,
2006-10-09,2.0378 ,
2006-10-10,2.0404 ,
2006-10-11,2.0403 ,
2006-10-12,2.0416 ,
2006-10-13,2.0419 ,
2006-10-16,2.0378 ,
2006-10-17,2.0358 ,
2006-10-18,2.0247 ,
2006-10-19,2.0097 ,
2006-10-20,1.9971 ,
2006-10-23,2.0029 ,
2006-10-24,2.0040 ,
2006-10-25,2.0020 ,
2006-10-26,2.0065 ,
2006-10-27,2.0048 ,
2006-10-30,2.0091 ,
2006-10-31,2.0104 ,
2006-11-01,2.0115 ,
2006-11-02,2.0187 ,
2006-11-03,2.0128 ,
2006-11-06,2.0500 ,
2006-11-07,2.0409 ,
2006-11-08,2.0465 ,
2006-11-09,2.0509 ,
2006-11-10,2.0528 ,
2006-11-13,2.0563 ,
2006-11-14,2.0527 ,
2006-11-15,2.0489 ,
2006-11-16,2.0463 ,
2006-11-17,2.0455 ,
2006-11-20,2.0737 ,
2006-11-21,2.1275 ,
2006-11-22,2.1300 ,
2006-11-23,2.1400 ,
2006-11-24,2.1412 ,
2006-11-27,2.1369 ,
2006-11-28,2.0614 ,
2006-11-29,2.0598 ,
2006-11-30,2.0508 ,
2006-12-01,2.0499 ,
2006-12-04,2.0594 ,
2006-12-05,2.0611 ,
2006-12-06,2.0617 ,
2006-12-07,2.0640 ,
2006-12-08,2.0669 ,
2006-12-11,2.0650 ,
2006-12-12,2.0681 ,
2006-12-13,2.1801 ,
2006-12-14,2.1617 ,
2006-12-15,2.1638 ,
2006-12-18,2.1536 ,
2006-12-19,2.1233 ,
2006-12-20,2.1032 ,
2006-12-21,2.1051 ,
2006-12-22,2.1064 ,
2006-12-25,2.1106 ,
2006-12-26,2.1116 ,
2006-12-27,2.0858 ,
2006-12-28,2.0827 ,
2006-12-29,2.0870 ,
2006-12-30,2.0890 ,
2006-12-31,2.0890 ,
2007-01-04,2.0831 ,
2007-01-05,2.0849 ,
2007-01-08,2.0873 ,
2007-01-09,2.0744 ,
2007-01-10,2.0759 ,
2007-01-11,2.0914 ,
2007-01-12,2.0866 ,
2007-01-15,2.0762 ,
2007-01-16,2.0363 ,
2007-01-17,2.0361 ,
2007-01-18,2.0466 ,
2007-01-19,2.0357 ,
2007-01-22,2.0477 ,
2007-01-23,2.0405 ,
2007-01-24,2.0506 ,
2007-01-25,2.0499 ,
2007-01-26,2.0387 ,
2007-01-29,2.0408 ,
2007-01-30,2.0550 ,
2007-01-31,2.0700 ,
2007-02-01,2.0860 ,
2007-02-02,2.1000 ,
2007-02-05,2.1200 ,
2007-02-06,2.1300 ,
2007-02-07,2.1200 ,
2007-02-08,2.1200 ,
2007-02-09,2.1200 ,
2007-02-12,2.1400 ,
2007-02-13,2.1130 ,
2007-02-14,2.1400 ,
2007-02-15,2.1500 ,
2007-02-16,2.1600 ,
2007-02-17,2.1600 ,
2007-02-25,2.1500 ,
2007-02-26,2.1500 ,
2007-02-27,2.1500 ,
2007-02-28,2.1350 ,
2007-03-01,2.1350 ,
2007-03-02,2.1400 ,
2007-03-05,2.1400 ,
2007-03-06,2.1400 ,
2007-03-07,2.1500 ,
2007-03-08,2.1500 ,
2007-03-09,2.1400 ,
2007-03-12,2.1400 ,
2007-03-13,2.1400 ,
2007-03-14,2.1300 ,
2007-03-15,2.1300 ,
2007-03-16,2.1400 ,
2007-03-18,,2.79 
2007-03-19,2.1600 ,
2007-03-20,2.1700 ,
2007-03-21,2.2100 ,
2007-03-22,2.2200 ,
2007-03-23,2.2200 ,
2007-03-26,2.2409 ,
2007-03-27,2.2529 ,
2007-03-28,2.2542 ,
2007-03-29,2.2493 ,
2007-03-30,2.2500 ,
2007-04-02,2.2665 ,
2007-04-03,2.2681 ,
2007-04-04,2.2697 ,
2007-04-05,2.2708 ,
2007-04-06,2.2691 ,
2007-04-09,2.2710 ,
2007-04-10,2.2691 ,
2007-04-11,2.2708 ,
2007-04-12,2.2718 ,
2007-04-13,2.2764 ,
2007-04-16,2.2685 ,
2007-04-17,2.2698 ,
2007-04-18,2.2710 ,
2007-04-19,2.2874 ,
2007-04-20,2.2874 ,
2007-04-23,2.2935 ,
2007-04-24,2.2868 ,
2007-04-25,2.3117 ,
2007-04-26,2.3255 ,
2007-04-27,2.3292 ,
2007-04-28,2.3562 ,
2007-04-29,2.2526 ,
2007-04-30,2.2879 ,
2007-05-08,2.2918 ,
2007-05-09,2.3022 ,
2007-05-10,2.3012 ,
2007-05-11,2.3200 ,
2007-05-14,2.3200 ,
2007-05-15,2.3300 ,
2007-05-16,2.3083 ,
2007-05-17,2.3067 ,
2007-05-18,2.3129 ,
2007-05-19,,3.06 
2007-05-21,2.3448 ,
2007-05-22,2.4088 ,
2007-05-23,2.4372 ,
2007-05-24,2.4500 ,
2007-05-25,2.4500 ,
2007-05-28,2.4400 ,
2007-05-29,2.4800 ,
2007-05-30,2.4600 ,
2007-05-31,2.4900 ,
2007-06-01,2.4900 ,
2007-06-04,2.4900 ,
2007-06-05,2.4900 ,
2007-06-06,2.4900 ,
2007-06-07,2.4900 ,
2007-06-08,2.4930 ,
2007-06-11,2.5000 ,
2007-06-12,2.5100 ,
2007-06-13,2.6100 ,
2007-06-14,2.6250 ,
2007-06-15,2.6344 ,
2007-06-18,2.6200 ,
2007-06-19,2.6200 ,
2007-06-20,2.6400 ,
2007-06-21,2.6500 ,
2007-06-22,2.6500 ,
2007-06-25,2.6600 ,
2007-06-26,2.6800 ,
2007-06-27,2.6500 ,
2007-06-28,2.6500 ,
2007-06-29,2.6800 ,
2007-07-02,2.7000 ,
2007-07-03,2.7384 ,
2007-07-04,2.7400 ,
2007-07-05,2.7533 ,
2007-07-06,2.7789 ,
2007-07-09,2.7880 ,
2007-07-10,2.8130 ,
2007-07-11,2.8365 ,
2007-07-12,2.8570 ,
2007-07-13,2.8421 ,
2007-07-16,2.8516 ,
2007-07-17,2.8552 ,
2007-07-18,2.8321 ,
2007-07-19,2.8332 ,
2007-07-20,2.8500 ,
2007-07-21,,3.33 
2007-07-23,2.8714 ,
2007-07-24,2.9053 ,
2007-07-25,2.8991 ,
2007-07-26,2.9006 ,
2007-07-27,2.8990 ,
2007-07-30,2.9031 ,
2007-07-31,2.8525 ,
2007-08-01,2.9046 ,
2007-08-02,2.9085 ,
2007-08-03,2.9091 ,
2007-08-06,2.9109 ,
2007-08-07,2.9000 ,
2007-08-08,2.9096 ,
2007-08-09,2.9000 ,
2007-08-10,2.9257 ,
2007-08-13,2.9884 ,
2007-08-14,2.9894 ,
2007-08-15,2.9500 ,
2007-08-16,2.9901 ,
2007-08-17,2.9903 ,
2007-08-20,3.0027 ,
2007-08-21,3.0035 ,
2007-08-22,3.0256 ,3.60 
2007-08-23,2.9502 ,
2007-08-24,2.9700 ,
2007-08-27,2.9855 ,
2007-08-28,2.9694 ,
2007-08-29,2.8734 ,
2007-08-30,2.8237 ,
2007-08-31,2.8258 ,
2007-09-03,2.8750 ,
2007-09-04,2.8800 ,
2007-09-05,2.8551 ,
2007-09-06,2.8762 ,
2007-09-07,2.9689 ,
2007-09-10,2.9300 ,
2007-09-11,2.9450 ,
2007-09-12,2.9756 ,
2007-09-13,2.9800 ,
2007-09-14,3.1000 ,
2007-09-15,,3.87 
2007-09-17,3.1520 ,
2007-09-18,3.1700 ,
2007-09-19,3.1500 ,
2007-09-20,3.1712 ,
2007-09-21,3.3022 ,
2007-09-24,3.3000 ,
2007-09-25,3.3300 ,
2007-09-26,3.3018 ,
2007-09-27,3.2065 ,
2007-09-28,3.1832 ,
2007-09-29,3.1737 ,
2007-09-30,3.1766 ,
2007-10-08,3.0800 ,
2007-10-09,3.0782 ,
2007-10-10,3.0935 ,
2007-10-11,3.0913 ,
2007-10-12,3.0935 ,
2007-10-15,3.0970 ,
2007-10-16,3.1500 ,
2007-10-17,3.3000 ,
2007-10-18,3.3300 ,
2007-10-19,3.3500 ,
2007-10-22,3.4000 ,
2007-10-23,3.3950 ,
2007-10-24,3.4000 ,
2007-10-25,3.3950 ,
2007-10-26,3.4000 ,
2007-10-29,3.3800 ,
2007-10-30,3.3600 ,
2007-10-31,3.3600 ,
2007-11-01,3.3750 ,
2007-11-02,3.4000 ,
2007-11-05,3.4200 ,
2007-11-06,3.4500 ,
2007-11-07,3.5600 ,
2007-11-08,3.6400 ,
2007-11-09,3.6600 ,
2007-11-12,3.7000 ,
2007-11-13,3.7400 ,
2007-11-14,3.7700 ,
2007-11-15,3.7800 ,
2007-11-16,3.7700 ,
2007-11-19,3.7700 ,
2007-11-20,3.7800 ,
2007-11-21,3.7700 ,
2007-11-22,3.7800 ,
2007-11-23,3.7700 ,
2007-11-26,3.7700 ,
2007-11-27,3.7500 ,
2007-11-28,3.7500 ,
2007-11-29,3.7800 ,
2007-11-30,3.7700 ,
2007-12-03,3.7650 ,
2007-12-04,3.7800 ,
2007-12-05,3.7600 ,
2007-12-06,3.7500 ,
2007-12-07,3.7550 ,
2007-12-10,3.7600 ,
2007-12-11,3.7200 ,
2007-12-12,3.6900 ,
2007-12-13,3.6900 ,
2007-12-14,3.6365 ,
2007-12-17,3.6233 ,
2007-12-18,3.6189 ,
2007-12-19,3.6191 ,
2007-12-20,3.6252 ,
2007-12-21,3.7200 ,4.14 
2007-12-24,3.6800 ,
2007-12-25,3.6767 ,
2007-12-26,3.6768 ,
2007-12-27,3.6832 ,
2007-12-28,3.6732 ,
2007-12-29,3.6774 ,
2008-01-02,3.6894 ,
2008-01-03,3.5800 ,
2008-01-04,3.5900 ,
2008-01-07,3.5800 ,
2008-01-08,3.5103 ,
2008-01-09,3.5201 ,
2008-01-10,3.5854 ,
2008-01-11,3.5738 ,
2008-01-14,3.5412 ,
2008-01-15,3.5428 ,
2008-01-16,3.5499 ,
2008-01-17,3.5528 ,
2008-01-18,3.5409 ,
2008-01-21,3.5185 ,
2008-01-22,3.5227 ,
2008-01-23,3.5217 ,
2008-01-24,3.4475 ,
2008-01-25,3.4400 ,
2008-01-28,3.4385 ,
2008-01-29,3.4585 ,
2008-01-30,3.4300 ,
2008-01-31,3.4300 ,
2008-02-01,3.3500 ,
2008-02-02,3.3500 ,
2008-02-03,3.3500 ,
2008-02-04,3.3600 ,
2008-02-05,3.3990 ,
2008-02-13,3.3990 ,
2008-02-14,3.3900 ,
2008-02-15,3.4000 ,
2008-02-18,3.3950 ,
2008-02-19,3.4200 ,
2008-02-20,3.4350 ,
2008-02-21,3.4350 ,
2008-02-22,3.4200 ,
2008-02-25,3.4150 ,
2008-02-26,3.4200 ,
2008-02-27,3.3600 ,
2008-02-28,3.3200 ,
2008-02-29,3.3100 ,
2008-03-03,3.3200 ,
2008-03-04,3.3100 ,
2008-03-05,3.3100 ,
2008-03-06,3.3100 ,
2008-03-07,3.2900 ,
2008-03-10,3.2850 ,
2008-03-11,3.2800 ,
2008-03-12,3.2750 ,
2008-03-13,3.2700 ,
2008-03-14,3.2700 ,
2008-03-17,3.2337 ,
2008-03-18,3.2374 ,
2008-03-19,3.2374 ,
2008-03-20,3.2298 ,
2008-03-21,3.2285 ,
2008-03-24,3.2232 ,
2008-03-25,3.1871 ,
2008-03-26,3.1846 ,
2008-03-27,3.1439 ,
2008-03-28,3.1466 ,
2008-03-31,3.1081 ,
2008-04-01,3.1281 ,
2008-04-02,3.1181 ,
2008-04-03,3.1080 ,
2008-04-07,3.0980 ,
2008-04-08,3.0980 ,
2008-04-09,3.1000 ,
2008-04-10,3.1500 ,
2008-04-11,3.1800 ,
2008-04-14,3.2000 ,
2008-04-15,3.2000 ,
2008-04-16,3.2000 ,
2008-04-17,3.2000 ,
2008-04-18,3.1850 ,
2008-04-21,3.1950 ,
2008-04-22,3.2000 ,
2008-04-23,3.1311 ,
2008-04-24,3.1550 ,
2008-04-25,3.1850 ,
2008-04-28,3.2000 ,
2008-04-29,3.2150 ,
2008-04-30,3.2250 ,
2008-05-04,3.2100 ,
2008-05-05,3.2000 ,
2008-05-06,3.2200 ,
2008-05-07,3.2700 ,
2008-05-08,3.2500 ,
2008-05-09,3.2450 ,
2008-05-12,3.2500 ,
2008-05-13,3.2500 ,
2008-05-14,3.2507 ,
2008-05-15,3.2557 ,
2008-05-16,3.2560 ,
2008-05-19,3.2637 ,
2008-05-20,3.2737 ,
2008-05-21,3.2749 ,
2008-05-22,3.2767 ,
2008-05-23,3.3250 ,
2008-05-26,3.3263 ,
2008-05-27,3.3395 ,
2008-05-28,3.3426 ,
2008-05-29,3.3578 ,
2008-05-30,3.3590 ,
2008-06-02,3.3741 ,
2008-06-03,3.3750 ,
2008-06-04,3.3756 ,
2008-06-05,3.3850 ,
2008-06-06,3.4350 ,
2008-06-10,3.5181 ,
2008-06-11,3.5141 ,
2008-06-12,3.5169 ,
2008-06-13,3.5077 ,
2008-06-16,3.5327 ,
2008-06-17,3.5072 ,
2008-06-18,3.4434 ,
2008-06-19,3.4560 ,
2008-06-20,3.4665 ,
2008-06-23,3.4497 ,
2008-06-24,3.4229 ,
2008-06-25,3.4226 ,
2008-06-26,3.4229 ,
2008-06-27,3.5082 ,
2008-06-30,3.5467 ,
2008-07-01,3.5327 ,
2008-07-02,3.5635 ,
2008-07-03,3.5279 ,
2008-07-04,3.5246 ,
2008-07-07,3.4976 ,
2008-07-08,3.4911 ,
2008-07-09,3.5245 ,
2008-07-10,3.4830 ,
2008-07-11,3.4730 ,
2008-07-14,3.4516 ,
2008-07-15,3.5467 ,
2008-07-16,3.5086 ,
2008-07-17,3.5333 ,
2008-07-18,3.5340 ,
2008-07-21,3.5495 ,
2008-07-22,3.5577 ,
2008-07-23,3.5800 ,
2008-07-24,3.5789 ,
2008-07-25,3.5624 ,
2008-07-28,3.5651 ,
2008-07-29,3.5551 ,
2008-07-30,3.5451 ,
2008-07-31,3.5405 ,
2008-08-01,3.5305 ,
2008-08-04,3.5800 ,
2008-08-05,3.5902 ,
2008-08-06,3.6000 ,
2008-08-07,3.6350 ,
2008-08-08,3.6401 ,
2008-08-11,3.6502 ,
2008-08-12,3.6200 ,
2008-08-13,3.6200 ,
2008-08-14,3.5755 ,
2008-08-15,3.5514 ,
2008-08-18,3.5505 ,
2008-08-19,3.5506 ,
2008-08-20,3.5505 ,
2008-08-21,3.5205 ,
2008-08-22,3.5012 ,
2008-08-25,3.5012 ,
2008-08-26,3.5000 ,
2008-08-27,3.4999 ,
2008-08-28,3.4872 ,
2008-08-29,3.4870 ,
2008-09-01,3.4863 ,
2008-09-02,3.4360 ,
2008-09-03,3.4000 ,
2008-09-04,3.4000 ,
2008-09-05,3.3900 ,
2008-09-08,3.3818 ,
2008-09-09,3.3782 ,
2008-09-10,3.3564 ,
2008-09-11,3.3641 ,
2008-09-12,3.3268 ,
2008-09-16,3.2493 ,
2008-09-17,3.1550 ,
2008-09-18,3.1800 ,
2008-09-19,3.2344 ,
2008-09-22,3.2850 ,
2008-09-23,3.3501 ,
2008-09-24,3.3400 ,
2008-09-25,3.3599 ,
2008-09-26,3.3455 ,
2008-09-27,3.3500 ,
2008-09-28,3.3481 ,
2008-10-06,3.3041 ,
2008-10-07,3.2530 ,
2008-10-08,3.1997 ,
2008-10-09,2.9093 ,3.87 
2008-10-10,2.7352 ,
2008-10-13,2.8229 ,
2008-10-14,2.8000 ,
2008-10-15,2.8472 ,
2008-10-16,2.7753 ,
2008-10-17,2.8244 ,
2008-10-20,2.7747 ,
2008-10-21,2.7303 ,
2008-10-22,2.7224 ,
2008-10-23,2.6884 ,
2008-10-24,2.6696 ,
2008-10-27,2.6690 ,
2008-10-28,2.6191 ,
2008-10-29,2.5620 ,
2008-10-30,2.5899 ,3.60 
2008-10-31,2.5270 ,
2008-11-03,2.5266 ,
2008-11-04,2.4800 ,
2008-11-05,2.4534 ,
2008-11-06,2.4357 ,
2008-11-07,2.2963 ,
2008-11-10,2.2860 ,
2008-11-11,2.2517 ,
2008-11-12,2.2500 ,
2008-11-13,2.1155 ,
2008-11-14,2.0902 ,
2008-11-17,2.0670 ,
2008-11-18,2.0195 ,
2008-11-19,2.1000 ,
2008-11-20,2.0689 ,
2008-11-21,2.0585 ,
2008-11-24,2.1347 ,
2008-11-25,2.1416 ,
2008-11-26,2.0800 ,
2008-11-27,1.8300 ,2.52 
2008-11-28,1.8991 ,
2008-12-01,1.8945 ,
2008-12-02,1.8188 ,
2008-12-03,1.7522 ,
2008-12-04,1.6800 ,
2008-12-05,1.3300 ,
2008-12-08,1.3547 ,
2008-12-09,1.3553 ,
2008-12-10,1.3413 ,
2008-12-11,1.3367 ,
2008-12-12,1.2958 ,
2008-12-15,1.2951 ,
2008-12-16,1.2958 ,
2008-12-17,1.2190 ,
2008-12-18,1.0845 ,
2008-12-19,1.0554 ,
2008-12-22,1.0959 ,
2008-12-23,1.0808 ,2.25 
2008-12-24,1.0808 ,
2008-12-25,1.0986 ,
2008-12-26,1.0966 ,
2008-12-29,1.1040 ,
2008-12-30,1.1054 ,
2008-12-31,1.1020 ,
2009-01-04,1.0836 ,
2009-01-05,1.0869 ,
2009-01-06,1.0770 ,
2009-01-07,1.0578 ,
2009-01-08,1.0546 ,
2009-01-09,1.0354 ,
2009-01-12,1.0403 ,
2009-01-13,1.0342 ,
2009-01-14,1.0511 ,
2009-01-15,1.0511 ,
2009-01-16,1.0718 ,
2009-01-19,1.0897 ,
2009-01-20,1.0804 ,
2009-01-21,1.1272 ,
2009-01-22,1.0969 ,
2009-01-23,1.0837 ,
2009-01-24,1.0884 ,
2009-02-01,1.0737 ,
2009-02-02,1.0736 ,
2009-02-03,1.0713 ,
2009-02-04,1.1143 ,
2009-02-05,1.1650 ,
2009-02-06,1.1732 ,
2009-02-09,1.1182 ,
2009-02-10,1.1030 ,
2009-02-11,1.1009 ,
2009-02-12,1.0845 ,
2009-02-13,1.0734 ,
2009-02-16,1.0854 ,
2009-02-17,1.0923 ,
2009-02-18,1.1022 ,
2009-02-19,1.1004 ,
2009-02-20,1.1022 ,
2009-02-23,1.0968 ,
2009-02-24,1.0821 ,
2009-02-25,1.0192 ,
2009-02-26,0.9999 ,
2009-02-27,1.0119 ,
2009-03-02,1.0031 ,
2009-03-03,0.9968 ,
2009-03-04,0.9895 ,
2009-03-05,0.9878 ,
2009-03-06,0.9405 ,
2009-03-09,0.9376 ,
2009-03-10,0.9132 ,
2009-03-11,0.8881 ,
2009-03-12,0.8871 ,
2009-03-13,0.9062 ,
2009-03-16,0.9025 ,
2009-03-17,0.8879 ,
2009-03-18,0.9508 ,
2009-03-19,0.9005 ,
2009-03-20,0.9211 ,
2009-03-23,0.8997 ,
2009-03-24,0.9014 ,
2009-03-25,0.9095 ,
2009-03-26,0.9384 ,
2009-03-27,0.9291 ,
2009-03-30,0.9074 ,
2009-03-31,0.9670 ,
2009-04-01,0.9643 ,
2009-04-02,0.9479 ,
2009-04-03,0.9638 ,
2009-04-07,0.9994 ,
2009-04-08,1.0052 ,
2009-04-09,0.9957 ,
2009-04-10,0.9837 ,
2009-04-13,0.9712 ,
2009-04-14,0.9680 ,
2009-04-15,0.9921 ,
2009-04-16,0.9827 ,
2009-04-17,1.0078 ,
2009-04-20,0.9941 ,
2009-04-21,0.9989 ,
2009-04-22,0.9892 ,
2009-04-23,1.0032 ,
2009-04-24,1.0326 ,
2009-04-27,1.0053 ,
2009-04-28,0.9958 ,
2009-04-29,1.0011 ,
2009-04-30,1.0006 ,
2009-05-04,1.0114 ,
2009-05-05,0.9904 ,
2009-05-06,1.0009 ,
2009-05-07,1.0003 ,
2009-05-08,0.9856 ,
2009-05-11,0.9696 ,
2009-05-12,0.9466 ,
2009-05-13,0.9449 ,
2009-05-14,0.9395 ,
2009-05-15,0.9431 ,
2009-05-18,0.8882 ,
2009-05-19,0.9023 ,
2009-05-20,0.8900 ,
2009-05-21,0.8961 ,
2009-05-22,0.9369 ,
2009-05-25,0.9349 ,
2009-05-26,0.9296 ,
2009-05-27,0.9454 ,
2009-05-31,0.9605 ,
2009-06-01,0.9566 ,
2009-06-02,0.9300 ,
2009-06-03,0.9329 ,
2009-06-04,0.9518 ,
2009-06-05,0.9835 ,
2009-06-08,0.9970 ,
2009-06-09,0.9999 ,
2009-06-10,1.0097 ,
2009-06-11,0.9938 ,
2009-06-12,0.9984 ,
2009-06-15,0.9953 ,
2009-06-16,1.0033 ,
2009-06-17,0.9960 ,
2009-06-18,1.0084 ,
2009-06-19,1.0095 ,
2009-06-22,1.0027 ,
2009-06-23,1.0029 ,
2009-06-24,1.0044 ,
2009-06-25,0.9754 ,
2009-06-26,0.9798 ,
2009-06-29,0.9807 ,
2009-06-30,0.9810 ,
2009-07-01,0.9810 ,
2009-07-02,0.9850 ,
2009-07-03,0.9905 ,
2009-07-06,1.0158 ,
2009-07-07,1.0497 ,
2009-07-08,1.1009 ,
2009-07-09,1.1500 ,
2009-07-10,1.3500 ,
2009-07-13,1.3300 ,
2009-07-14,1.2736 ,
2009-07-15,1.3699 ,
2009-07-16,1.5000 ,
2009-07-17,1.6500 ,
2009-07-20,1.6559 ,
2009-07-21,1.6562 ,
2009-07-22,1.6663 ,
2009-07-23,1.6472 ,
2009-07-24,1.6693 ,
2009-07-27,1.6599 ,
2009-07-28,1.6372 ,
2009-07-29,1.6572 ,
2009-07-30,1.6523 ,
2009-07-31,1.6408 ,
2009-08-03,1.6265 ,
2009-08-04,1.6353 ,
2009-08-05,1.6243 ,
2009-08-06,1.6185 ,
2009-08-07,1.6585 ,
2009-08-10,1.6471 ,
2009-08-11,1.6264 ,
2009-08-12,1.5951 ,
2009-08-13,1.5889 ,
2009-08-14,1.6004 ,
2009-08-17,1.6043 ,
2009-08-18,1.6049 ,
2009-08-19,1.6029 ,
2009-08-20,1.6039 ,
2009-08-21,1.6086 ,
2009-08-24,1.6044 ,
2009-08-25,1.5955 ,
2009-08-26,1.5970 ,
2009-08-27,1.5980 ,
2009-08-28,1.6105 ,
2009-08-31,1.6023 ,
2009-09-01,1.6274 ,
2009-09-02,1.5262 ,
2009-09-03,1.5312 ,
2009-09-04,1.5393 ,
2009-09-07,1.5304 ,
2009-09-08,1.5320 ,
2009-09-09,1.5321 ,
2009-09-10,1.5039 ,
2009-09-11,1.5054 ,
2009-09-14,1.5088 ,
2009-09-15,1.5075 ,
2009-09-16,1.5090 ,
2009-09-17,1.5106 ,
2009-09-18,1.5144 ,
2009-09-21,1.5098 ,
2009-09-22,1.5104 ,
2009-09-23,1.5116 ,
2009-09-24,1.5069 ,
2009-09-25,1.4794 ,
2009-09-27,1.4862 ,
2009-09-28,1.4609 ,
2009-09-29,1.4682 ,
2009-09-30,1.4455 ,
2009-10-09,1.5013 ,
2009-10-10,1.5119 ,
2009-10-12,1.5118 ,
2009-10-13,1.5134 ,
2009-10-14,1.5118 ,
2009-10-15,1.5301 ,
2009-10-16,1.5140 ,
2009-10-19,1.5116 ,
2009-10-20,1.4973 ,
2009-10-21,1.5027 ,
2009-10-22,1.5081 ,
2009-10-23,1.5135 ,
2009-10-26,1.5171 ,
2009-10-27,1.5184 ,
2009-10-28,1.5196 ,
2009-10-29,1.5206 ,
2009-10-30,1.5171 ,
2009-11-02,1.5301 ,
2009-11-03,1.5288 ,
2009-11-04,1.5275 ,
2009-11-05,1.5289 ,
2009-11-06,1.5302 ,
2009-11-09,1.5186 ,
2009-11-10,1.5086 ,
2009-11-11,1.4936 ,
2009-11-12,1.4854 ,
2009-11-13,1.4866 ,
2009-11-16,1.4941 ,
2009-11-17,1.4888 ,
2009-11-18,1.5206 ,
2009-11-19,1.5220 ,
2009-11-20,1.5271 ,
2009-11-23,1.5001 ,
2009-11-24,1.4893 ,
2009-11-25,1.4941 ,
2009-11-26,1.4951 ,
2009-11-27,1.4920 ,
2009-11-30,1.4821 ,
2009-12-01,1.4841 ,
2009-12-02,1.4860 ,
2009-12-03,1.4800 ,
2009-12-04,1.4780 ,
2009-12-07,1.4793 ,
2009-12-08,1.4844 ,
2009-12-09,1.4850 ,
2009-12-10,1.4855 ,
2009-12-11,1.4948 ,
2009-12-14,1.4882 ,
2009-12-15,1.4863 ,
2009-12-16,1.4859 ,
2009-12-17,1.4897 ,
2009-12-18,1.4907 ,
2009-12-21,1.4853 ,
2009-12-22,1.4868 ,
2009-12-23,1.4855 ,
2009-12-24,1.4890 ,
2009-12-25,1.5000 ,
2009-12-28,1.4986 ,
2009-12-29,1.5012 ,
2009-12-30,1.5013 ,
2009-12-31,1.4953 ,
2010-01-04,1.5000 ,
2010-01-05,1.5098 ,
2010-01-06,1.5238 ,
2010-01-07,1.5489 ,
2010-01-08,1.5411 ,
2010-01-11,1.5330 ,
2010-01-12,1.5589 ,
2010-01-13,1.6139 ,
2010-01-14,1.6039 ,
2010-01-15,1.6019 ,
2010-01-18,1.6069 ,
2010-01-19,1.5968 ,
2010-01-20,1.5651 ,
2010-01-21,1.5994 ,
2010-01-22,1.6066 ,
2010-01-25,1.6147 ,
2010-01-26,1.6346 ,
2010-01-27,1.6346 ,
2010-01-28,1.6446 ,
2010-01-29,1.6529 ,
2010-02-01,1.6445 ,
2010-02-02,1.6446 ,
2010-02-03,1.6446 ,
2010-02-04,1.6447 ,
2010-02-05,1.6532 ,
2010-02-08,1.6447 ,
2010-02-09,1.6448 ,
2010-02-10,1.6447 ,
2010-02-11,1.6547 ,
2010-02-12,1.6600 ,
2010-02-20,1.6793 ,
2010-02-21,1.6793 ,
2010-02-22,1.6800 ,
2010-02-23,1.6801 ,
2010-02-24,1.6801 ,
2010-02-25,1.6801 ,
2010-02-26,1.6294 ,
2010-03-01,1.6094 ,
2010-03-02,1.5396 ,
2010-03-03,1.5000 ,
2010-03-04,1.5100 ,
2010-03-05,1.5203 ,
2010-03-08,1.5105 ,
2010-03-09,1.5106 ,
2010-03-10,1.5364 ,
2010-03-11,1.5274 ,
2010-03-12,1.5378 ,
2010-03-15,1.5280 ,
2010-03-16,1.5281 ,
2010-03-17,1.5281 ,
2010-03-18,1.5181 ,
2010-03-19,1.5185 ,
2010-03-22,1.5083 ,
2010-03-23,1.5175 ,
2010-03-24,1.5176 ,
2010-03-25,1.5076 ,
2010-03-26,1.5181 ,
2010-03-29,1.5076 ,
2010-03-30,1.5301 ,
2010-03-31,1.5501 ,
2010-04-01,1.5782 ,
2010-04-02,1.5947 ,
2010-04-06,1.6000 ,
2010-04-07,1.6200 ,
2010-04-08,1.6400 ,
2010-04-09,1.6709 ,
2010-04-12,1.6600 ,
2010-04-13,1.6551 ,
2010-04-14,1.6503 ,
2010-04-15,1.6504 ,
2010-04-16,1.6607 ,
2010-04-19,1.6394 ,
2010-04-20,1.6393 ,
2010-04-21,1.6193 ,
2010-04-22,1.6392 ,
2010-04-23,1.6300 ,
2010-04-26,1.6181 ,
2010-04-27,1.5991 ,
2010-04-28,1.5792 ,
2010-04-29,1.5792 ,
2010-04-30,1.5892 ,
2010-05-04,1.6100 ,
2010-05-05,1.6099 ,
2010-05-06,1.6435 ,
2010-05-07,1.6568 ,
2010-05-10,1.6611 ,
2010-05-11,1.6911 ,
2010-05-12,1.7086 ,
2010-05-13,1.7110 ,
2010-05-14,1.7434 ,
2010-05-17,1.7468 ,
2010-05-18,1.7464 ,
2010-05-19,1.7681 ,
2010-05-20,1.7689 ,
2010-05-21,1.7827 ,
2010-05-24,1.8000 ,
2010-05-25,1.7947 ,
2010-05-26,1.8388 ,
2010-05-27,1.8327 ,
2010-05-28,1.8298 ,
2010-05-31,1.8162 ,
2010-06-01,1.8391 ,
2010-06-02,1.8175 ,
2010-06-03,1.8176 ,
2010-06-04,1.8341 ,
2010-06-07,1.8643 ,
2010-06-08,1.8723 ,
2010-06-09,1.8726 ,
2010-06-10,1.8660 ,
2010-06-11,2.0160 ,
2010-06-12,2.0070 ,
2010-06-13,2.0168 ,
2010-06-17,2.0288 ,
2010-06-18,2.1036 ,
2010-06-21,2.1201 ,
2010-06-22,2.1260 ,
2010-06-23,2.1270 ,
2010-06-24,2.1297 ,
2010-06-25,2.1395 ,
2010-06-28,2.1115 ,
2010-06-29,2.1220 ,
2010-06-30,2.1346 ,
2010-07-01,2.1210 ,
2010-07-02,2.1181 ,
2010-07-05,2.1233 ,
2010-07-06,2.1167 ,
2010-07-07,2.0571 ,
2010-07-08,2.0385 ,
2010-07-09,2.0185 ,
2010-07-12,1.9845 ,
2010-07-13,1.9245 ,
2010-07-14,1.8745 ,
2010-07-15,1.8855 ,
2010-07-16,1.8771 ,
2010-07-19,1.8951 ,
2010-07-20,1.9011 ,
2010-07-21,1.8768 ,
2010-07-22,1.9302 ,
2010-07-23,1.9349 ,
2010-07-26,1.9578 ,
2010-07-27,1.9352 ,
2010-07-28,1.9306 ,
2010-07-29,1.9310 ,
2010-07-30,1.9318 ,
2010-08-02,1.9327 ,
2010-08-03,1.9333 ,
2010-08-04,1.9307 ,
2010-08-05,1.9295 ,
2010-08-06,1.9056 ,
2010-08-09,1.9116 ,
2010-08-10,1.9118 ,
2010-08-11,1.9125 ,
2010-08-12,1.9129 ,
2010-08-13,1.9206 ,
2010-08-16,1.9334 ,
2010-08-17,1.9344 ,
2010-08-18,1.9358 ,
2010-08-19,1.9412 ,
2010-08-20,1.9194 ,
2010-08-23,1.9225 ,
2010-08-24,1.8928 ,
2010-08-25,1.8795 ,
2010-08-26,1.9100 ,
2010-08-27,1.9005 ,
2010-08-30,1.9023 ,
2010-08-31,1.9163 ,
2010-09-01,1.9086 ,
2010-09-02,1.9001 ,
2010-09-03,1.9161 ,
2010-09-06,1.9161 ,
2010-09-07,1.9222 ,
2010-09-08,1.9263 ,
2010-09-09,1.9267 ,
2010-09-10,1.9123 ,
2010-09-13,1.8949 ,
2010-09-14,1.9017 ,
2010-09-15,1.9027 ,
2010-09-16,1.9176 ,
2010-09-17,1.9335 ,
2010-09-19,1.9346 ,
2010-09-20,1.9268 ,
2010-09-21,1.9311 ,
2010-09-25,1.9341 ,
2010-09-26,1.9347 ,
2010-09-27,1.9456 ,
2010-09-28,1.9462 ,
2010-09-29,1.9442 ,
2010-09-30,1.9459 ,
2010-10-08,1.9493 ,
2010-10-09,1.9498 ,
2010-10-11,1.9370 ,
2010-10-12,1.9397 ,
2010-10-13,1.9386 ,
2010-10-14,1.9389 ,
2010-10-15,1.9337 ,
2010-10-18,1.9429 ,
2010-10-19,1.9515 ,
2010-10-20,2.0801 ,2.50 
2010-10-21,2.0620 ,
2010-10-22,2.0504 ,
2010-10-25,2.0482 ,
2010-10-26,2.0487 ,
2010-10-27,2.0454 ,
2010-10-28,2.0470 ,
2010-10-29,2.0430 ,
2010-11-01,2.0448 ,
2010-11-02,2.0564 ,
2010-11-03,2.0574 ,
2010-11-04,2.1074 ,
2010-11-05,2.0843 ,
2010-11-08,2.0746 ,
2010-11-09,2.1101 ,
2010-11-10,2.1928 ,
2010-11-11,2.2288 ,
2010-11-12,2.2510 ,
2010-11-15,2.2731 ,
2010-11-16,2.2282 ,
2010-11-17,2.2186 ,
2010-11-18,2.3037 ,
2010-11-19,2.3148 ,
2010-11-22,2.4300 ,
2010-11-23,2.4800 ,
2010-11-24,2.5949 ,
2010-11-25,2.6648 ,
2010-11-26,2.7948 ,
2010-11-29,2.7748 ,
2010-11-30,2.7925 ,
2010-12-01,2.7700 ,
2010-12-02,2.7495 ,
2010-12-03,2.7573 ,
2010-12-06,2.7591 ,
2010-12-07,2.7310 ,
2010-12-08,2.7609 ,
2010-12-09,2.8000 ,
2010-12-10,2.8800 ,
2010-12-13,2.8906 ,
2010-12-14,2.8981 ,
2010-12-15,2.9588 ,
2010-12-16,2.9786 ,
2010-12-17,3.0133 ,
2010-12-20,3.0850 ,
2010-12-21,3.1270 ,
2010-12-22,3.1820 ,
2010-12-23,3.2720 ,
2010-12-24,3.3000 ,
2010-12-26,,2.75 
2010-12-27,3.3801 ,
2010-12-28,3.3866 ,
2010-12-29,3.3573 ,
2010-12-30,3.3275 ,
2010-12-31,3.3000 ,
2011-01-04,3.2281 ,
2011-01-05,3.0283 ,
2011-01-06,2.9940 ,
2011-01-07,2.9524 ,
2011-01-10,2.9294 ,
2011-01-11,2.9201 ,
2011-01-12,2.8527 ,
2011-01-13,2.8506 ,
2011-01-14,2.8500 ,
2011-01-17,2.8857 ,
2011-01-18,2.9357 ,
2011-01-19,3.0017 ,
2011-01-20,3.0457 ,
2011-01-21,3.0866 ,
2011-01-24,3.1336 ,
2011-01-25,3.2104 ,
2011-01-26,3.2154 ,
2011-01-27,3.1854 ,
2011-01-28,3.1657 ,
2011-01-30,3.1727 ,
2011-01-31,3.1527 ,
2011-02-01,3.1427 ,
2011-02-09,3.1995 ,3.00 
2011-02-10,3.2000 ,
2011-02-11,3.2000 ,
2011-02-12,3.2000 ,
2011-02-14,3.1664 ,
2011-02-15,3.0664 ,
2011-02-16,3.0650 ,
2011-02-17,3.0650 ,
2011-02-18,3.0587 ,
2011-02-21,3.1532 ,
2011-02-22,3.1200 ,
2011-02-23,3.1007 ,
2011-02-24,3.0177 ,
2011-02-25,3.0257 ,
2011-02-28,3.0000 ,
2011-03-01,2.9727 ,
2011-03-02,2.9697 ,
2011-03-03,2.9496 ,
2011-03-04,2.9508 ,
2011-03-07,2.9352 ,
2011-03-08,2.9394 ,
2011-03-09,2.8898 ,
2011-03-10,2.9105 ,
2011-03-11,2.8904 ,
2011-03-14,2.8977 ,
2011-03-15,2.9007 ,
2011-03-16,2.8986 ,
2011-03-17,2.8900 ,
2011-03-18,2.8965 ,
2011-03-21,2.9365 ,
2011-03-22,2.9150 ,
2011-03-23,2.8500 ,
2011-03-24,2.8519 ,
2011-03-25,2.8510 ,
2011-03-28,2.8800 ,
2011-03-29,2.8883 ,
2011-03-30,2.8733 ,
2011-03-31,2.8734 ,
2011-04-01,2.8259 ,
2011-04-02,2.8346 ,
2011-04-06,2.8590 ,3.25 
2011-04-07,2.8709 ,
2011-04-08,2.8589 ,
2011-04-11,2.8625 ,
2011-04-12,2.8482 ,
2011-04-13,2.8144 ,
2011-04-14,2.8105 ,
2011-04-15,2.8133 ,
2011-04-18,2.8297 ,
2011-04-19,2.8186 ,
2011-04-20,2.8211 ,
2011-04-21,2.8283 ,
2011-04-22,2.8389 ,
2011-04-25,2.8400 ,
2011-04-26,2.8486 ,
2011-04-27,2.8078 ,
2011-04-28,2.8066 ,
2011-04-29,2.8094 ,
2011-05-03,2.8335 ,
2011-05-04,2.8200 ,
2011-05-05,2.8528 ,
2011-05-06,2.8661 ,
2011-05-09,2.8614 ,
2011-05-10,2.8567 ,
2011-05-11,2.8758 ,
2011-05-12,2.9065 ,
2011-05-13,2.9747 ,
2011-05-16,2.9799 ,
2011-05-17,2.9596 ,
2011-05-18,2.9585 ,
2011-05-19,2.9788 ,
2011-05-20,3.0370 ,
2011-05-23,3.0466 ,
2011-05-24,3.0550 ,
2011-05-25,3.0577 ,
2011-05-26,3.0589 ,
2011-05-27,3.0053 ,
2011-05-30,3.0317 ,
2011-05-31,3.0348 ,
2011-06-01,3.0402 ,
2011-06-02,3.0597 ,
2011-06-03,3.0419 ,
2011-06-07,3.0558 ,
2011-06-08,3.0925 ,
2011-06-09,3.0833 ,
2011-06-10,3.0901 ,
2011-06-13,3.1185 ,
2011-06-14,3.1552 ,
2011-06-15,3.3465 ,
2011-06-16,3.5000 ,
2011-06-17,3.6113 ,
2011-06-20,3.5808 ,
2011-06-21,3.5805 ,
2011-06-22,3.5929 ,
2011-06-23,3.6168 ,
2011-06-24,3.5903 ,
2011-06-27,3.4957 ,
2011-06-28,3.5007 ,
2011-06-29,3.4915 ,
2011-06-30,3.4742 ,
2011-07-01,3.4320 ,
2011-07-04,3.4018 ,
2011-07-05,3.4040 ,
2011-07-06,3.4151 ,
2011-07-07,3.4000 ,3.50 
2011-07-08,3.4100 ,
2011-07-11,3.3821 ,
2011-07-12,3.4123 ,
2011-07-13,3.5323 ,
2011-07-14,3.5779 ,
2011-07-15,3.5674 ,
2011-07-18,3.5868 ,
2011-07-19,3.6650 ,
2011-07-20,3.7500 ,
2011-07-21,3.8242 ,
2011-07-22,3.8275 ,
2011-07-25,3.7943 ,
2011-07-26,3.7842 ,
2011-07-27,3.7793 ,
2011-07-28,3.7393 ,
2011-07-29,3.7339 ,
2011-08-01,3.7102 ,
2011-08-02,3.7194 ,
2011-08-03,3.7045 ,
2011-08-04,3.7059 ,
2011-08-05,3.6707 ,
2011-08-08,3.6233 ,
2011-08-09,3.5990 ,
2011-08-10,3.5821 ,
2011-08-11,3.5481 ,
2011-08-12,3.5782 ,
2011-08-15,3.5832 ,
2011-08-16,3.6218 ,
2011-08-17,3.6257 ,
2011-08-18,3.6560 ,
2011-08-19,3.6475 ,
2011-08-22,3.6391 ,
2011-08-23,3.6476 ,
2011-08-24,3.6600 ,
2011-08-25,3.6607 ,
2011-08-26,3.6692 ,
2011-08-29,3.8092 ,
2011-08-30,3.9379 ,
2011-08-31,3.9174 ,
2011-09-01,3.9000 ,
2011-09-02,3.8970 ,
2011-09-05,3.8923 ,
2011-09-06,3.8675 ,
2011-09-07,3.8727 ,
2011-09-08,3.8716 ,
2011-09-09,3.8642 ,
2011-09-13,3.8642 ,
2011-09-14,3.9342 ,
2011-09-15,3.9214 ,
2011-09-16,3.9401 ,
2011-09-19,3.9219 ,
2011-09-20,3.9116 ,
2011-09-21,3.8729 ,
2011-09-22,3.8529 ,
2011-09-23,3.7032 ,
2011-09-26,3.5519 ,
2011-09-27,3.5766 ,
2011-09-28,3.6164 ,
2011-09-29,3.5829 ,
2011-09-30,3.6069 ,
2011-10-08,3.5999 ,
2011-10-09,3.5531 ,
2011-10-10,3.4522 ,
2011-10-11,3.3824 ,
2011-10-12,3.2323 ,
2011-10-13,3.1501 ,
2011-10-14,3.1466 ,
2011-10-17,3.1410 ,
2011-10-18,3.1412 ,
2011-10-19,3.1411 ,
2011-10-20,3.1412 ,
2011-10-21,3.1400 ,
2011-10-24,3.1347 ,
2011-10-25,3.1669 ,
2011-10-26,3.1691 ,
2011-10-27,3.1898 ,
2011-10-28,3.1898 ,
2011-10-31,3.1398 ,
2011-11-01,3.0899 ,
2011-11-02,3.0681 ,
2011-11-03,3.0252 ,
2011-11-04,2.9969 ,
2011-11-07,2.9901 ,
2011-11-08,2.8563 ,
2011-11-09,2.6438 ,
2011-11-10,2.5705 ,
2011-11-11,2.5683 ,
2011-11-14,2.5562 ,
2011-11-15,2.5459 ,
2011-11-16,2.5692 ,
2011-11-17,2.5980 ,
2011-11-18,2.6013 ,
2011-11-21,2.6110 ,
2011-11-22,2.6397 ,
2011-11-23,2.6717 ,
2011-11-24,2.6754 ,
2011-11-25,2.6932 ,
2011-11-28,2.7215 ,
2011-11-29,2.7240 ,
2011-11-30,2.7366 ,
2011-12-01,2.5866 ,
2011-12-02,2.6334 ,
2011-12-05,2.6213 ,
2011-12-06,2.6293 ,
2011-12-07,2.6300 ,
2011-12-08,2.6300 ,
2011-12-09,2.6324 ,
2011-12-12,2.6595 ,
2011-12-13,2.6926 ,
2011-12-14,2.7183 ,
2011-12-15,2.7198 ,
2011-12-16,2.7202 ,
2011-12-19,2.7127 ,
2011-12-20,2.7127 ,
2011-12-21,2.7316 ,
2011-12-22,2.7241 ,
2011-12-23,2.7341 ,
2011-12-26,2.7315 ,
2011-12-27,2.7316 ,
2011-12-28,2.7342 ,
2011-12-29,2.7369 ,
2011-12-30,2.7201 ,
2011-12-31,2.7167 ,
2012-01-04,2.7278 ,
2012-01-05,2.7404 ,
2012-01-06,2.7391 ,
2012-01-09,2.7308 ,
2012-01-10,2.7283 ,
2012-01-11,2.7884 ,
2012-01-12,2.7841 ,
2012-01-13,2.7938 ,
2012-01-16,2.8251 ,
2012-01-17,2.8208 ,
2012-01-18,2.8614 ,
2012-01-19,2.8439 ,
2012-01-20,2.8155 ,
2012-01-21,2.8169 ,
2012-01-29,2.7757 ,
2012-01-30,2.7757 ,
2012-01-31,2.7658 ,
2012-02-01,2.7829 ,
2012-02-02,2.7733 ,
2012-02-03,2.7803 ,
2012-02-06,2.8131 ,
2012-02-07,2.8176 ,
2012-02-08,2.9275 ,
2012-02-09,2.9589 ,
2012-02-10,2.9547 ,
2012-02-13,2.9037 ,
2012-02-14,2.9325 ,
2012-02-15,2.9437 ,
2012-02-16,2.9696 ,
2012-02-17,2.9856 ,
2012-02-20,2.9219 ,
2012-02-21,2.9360 ,
2012-02-22,2.9395 ,
2012-02-23,2.9412 ,
2012-02-24,2.9269 ,
2012-02-27,2.9371 ,
2012-02-28,2.9468 ,
2012-02-29,2.9475 ,
2012-03-01,2.9305 ,
2012-03-02,2.9256 ,
2012-03-05,2.9307 ,
2012-03-06,2.9322 ,
2012-03-07,2.9013 ,
2012-03-08,2.8958 ,
2012-03-09,2.8922 ,
2012-03-12,2.8595 ,
2012-03-13,2.8654 ,
2012-03-14,2.8785 ,
2012-03-15,2.8872 ,
2012-03-16,2.8690 ,
2012-03-19,2.8452 ,
2012-03-20,2.8711 ,
2012-03-21,2.8775 ,
2012-03-22,2.8816 ,
2012-03-23,2.8528 ,
2012-03-26,2.8436 ,
2012-03-27,2.8436 ,
2012-03-28,2.8485 ,
2012-03-29,2.8336 ,
2012-03-30,2.8355 ,
2012-03-31,2.8355 ,
2012-04-01,2.8551 ,
2012-04-05,2.8595 ,
2012-04-06,2.8731 ,
2012-04-09,2.8698 ,
2012-04-10,2.8712 ,
2012-04-11,2.8714 ,
2012-04-12,2.8994 ,
2012-04-13,2.8799 ,
2012-04-16,2.8835 ,
2012-04-17,2.8720 ,
2012-04-18,2.8545 ,
2012-04-19,2.8460 ,
2012-04-20,2.8370 ,
2012-04-23,2.8473 ,
2012-04-24,2.8439 ,
2012-04-25,2.8455 ,
2012-04-26,2.8489 ,
2012-04-27,2.8541 ,
2012-04-28,2.8562 ,
2012-05-02,2.8450 ,
2012-05-03,2.8496 ,
2012-05-04,2.8618 ,
2012-05-07,2.8612 ,
2012-05-08,2.8572 ,
2012-05-09,2.8399 ,
2012-05-10,2.7978 ,
2012-05-11,2.7531 ,
2012-05-14,2.5488 ,
2012-05-15,2.4766 ,
2012-05-16,2.4042 ,
2012-05-17,2.4267 ,
2012-05-18,2.4196 ,
2012-05-21,2.4317 ,
2012-05-22,2.3817 ,
2012-05-23,2.3517 ,
2012-05-24,2.2610 ,
2012-05-25,2.2347 ,
2012-05-28,2.2500 ,
2012-05-29,2.2500 ,
2012-05-30,2.2534 ,
2012-05-31,2.2307 ,
2012-06-01,2.2042 ,
2012-06-04,2.2000 ,
2012-06-05,2.2104 ,
2012-06-06,2.2215 ,
2012-06-07,2.2514 ,
2012-06-08,2.1587 ,3.25 
2012-06-11,2.1779 ,
2012-06-12,2.1889 ,
2012-06-13,2.2090 ,
2012-06-14,2.2508 ,
2012-06-15,2.2460 ,
2012-06-18,2.2609 ,
2012-06-19,2.3308 ,
2012-06-20,2.3708 ,
2012-06-21,2.3655 ,
2012-06-25,2.3666 ,
2012-06-26,2.3616 ,
2012-06-27,2.3716 ,
2012-06-28,2.3566 ,
2012-06-29,2.3420 ,
2012-07-02,2.3470 ,
2012-07-03,2.3452 ,
2012-07-04,2.3252 ,
2012-07-05,2.3129 ,
2012-07-06,2.2525 ,3.00 
2012-07-09,2.1979 ,
2012-07-10,2.2161 ,
2012-07-11,2.2236 ,
2012-07-12,2.2287 ,
2012-07-13,2.2171 ,
2012-07-16,2.2353 ,
2012-07-17,2.2453 ,
2012-07-18,2.2513 ,
2012-07-19,2.2591 ,
2012-07-20,2.2699 ,
2012-07-23,2.2849 ,
2012-07-24,2.2891 ,
2012-07-25,2.2819 ,
2012-07-26,2.2780 ,
2012-07-27,2.2977 ,
2012-07-30,2.2952 ,
2012-07-31,2.3077 ,
2012-08-01,2.3277 ,
2012-08-02,2.3306 ,
2012-08-03,2.3553 ,
2012-08-06,2.3728 ,
2012-08-07,2.4078 ,
2012-08-08,2.4378 ,
2012-08-09,2.4381 ,
2012-08-10,2.3959 ,
2012-08-13,2.4134 ,
2012-08-14,2.4183 ,
2012-08-15,2.4572 ,
2012-08-16,2.4622 ,
2012-08-17,2.4745 ,
2012-08-20,2.5216 ,
2012-08-21,2.5566 ,
2012-08-22,2.5814 ,
2012-08-23,2.6300 ,
2012-08-24,2.6275 ,
2012-08-27,2.6412 ,
2012-08-28,2.6863 ,
2012-08-29,2.6963 ,
2012-08-30,2.6917 ,
2012-08-31,2.6806 ,
2012-09-03,2.6775 ,
2012-09-04,2.6251 ,
2012-09-05,2.6255 ,
2012-09-06,2.6155 ,
2012-09-07,2.6364 ,
2012-09-10,2.6475 ,
2012-09-11,2.6574 ,
2012-09-12,2.7023 ,
2012-09-13,2.7365 ,
2012-09-14,2.7984 ,
2012-09-17,2.7984 ,
2012-09-18,2.8022 ,
2012-09-19,2.8022 ,
2012-09-20,2.8271 ,
2012-09-21,2.8401 ,
2012-09-24,2.8401 ,
2012-09-25,2.8485 ,
2012-09-26,2.8318 ,
2012-09-27,2.8121 ,
2012-09-28,2.7921 ,
2012-09-29,2.7921 ,
2012-10-08,2.7845 ,
2012-10-09,2.7844 ,
2012-10-10,2.7644 ,
2012-10-11,2.7620 ,
2012-10-12,2.7543 ,
2012-10-15,2.7511 ,
2012-10-16,2.7641 ,
2012-10-17,2.8441 ,
2012-10-18,2.8971 ,
2012-10-19,2.9220 ,
2012-10-22,2.9050 ,
2012-10-23,2.9061 ,
2012-10-24,2.9421 ,
2012-10-25,2.9764 ,
2012-10-26,2.9766 ,
2012-10-29,2.9848 ,
2012-10-30,2.9533 ,
2012-10-31,2.9327 ,
2012-11-01,2.9429 ,
2012-11-02,2.9555 ,
2012-11-05,2.9475 ,
2012-11-06,2.9438 ,
2012-11-07,2.9341 ,
2012-11-08,2.9423 ,
2012-11-09,2.9377 ,
2012-11-12,2.9424 ,
2012-11-13,2.9224 ,
2012-11-14,2.9188 ,
2012-11-15,2.9152 ,
2012-11-16,2.8886 ,
2012-11-19,2.8633 ,
2012-11-20,2.8263 ,
2012-11-21,2.8116 ,
2012-11-22,2.8216 ,
2012-11-23,2.8231 ,
2012-11-26,2.8399 ,
2012-11-27,2.8439 ,
2012-11-28,2.8315 ,
2012-11-29,2.8665 ,
2012-11-30,2.8834 ,
2012-12-03,2.8744 ,
2012-12-04,2.8815 ,
2012-12-05,2.9106 ,
2012-12-06,2.8986 ,
2012-12-07,2.8952 ,
2012-12-10,2.8975 ,
2012-12-11,2.8999 ,
2012-12-12,2.9089 ,
2012-12-13,2.9007 ,
2012-12-14,2.8919 ,
2012-12-17,2.8937 ,
2012-12-18,2.9114 ,
2012-12-19,2.9063 ,
2012-12-20,2.9102 ,
2012-12-21,2.9179 ,
2012-12-24,2.9375 ,
2012-12-25,2.9178 ,
2012-12-26,2.9278 ,
2012-12-27,2.9073 ,
2012-12-28,2.8985 ,
2012-12-31,2.9050 ,
2013-01-04,2.9189 ,
2013-01-05,2.8768 ,
2013-01-06,2.8688 ,
2013-01-07,2.8689 ,
2013-01-08,2.8498 ,
2013-01-09,2.8341 ,
2013-01-10,2.8547 ,
2013-01-11,2.8648 ,
2013-01-14,2.8361 ,
2013-01-15,2.7995 ,
2013-01-16,2.8110 ,
2013-01-17,2.8111 ,
2013-01-18,2.7811 ,
2013-01-21,2.8002 ,
2013-01-22,2.7902 ,
2013-01-23,2.8373 ,
2013-01-24,2.8383 ,
2013-01-25,2.8340 ,
2013-01-28,2.8495 ,
2013-01-29,2.8226 ,
2013-01-30,2.8091 ,
2013-01-31,2.8047 ,
2013-02-01,2.8064 ,
2013-02-04,2.7824 ,
2013-02-05,2.7709 ,
2013-02-06,2.7869 ,
2013-02-07,2.7883 ,
2013-02-08,2.7658 ,
2013-02-16,2.7161 ,
2013-02-17,2.7117 ,
2013-02-18,2.7220 ,
2013-02-19,2.7091 ,
2013-02-20,2.6929 ,
2013-02-21,2.7059 ,
2013-02-22,2.7107 ,
2013-02-25,2.7199 ,
2013-02-26,2.7862 ,
2013-02-27,2.7528 ,
2013-02-28,2.7612 ,
2013-03-01,2.7727 ,
2013-03-04,2.7727 ,
2013-03-05,2.7656 ,
2013-03-06,2.7639 ,
2013-03-07,2.7645 ,
2013-03-08,2.7675 ,
2013-03-11,2.7719 ,
2013-03-12,2.7669 ,
2013-03-13,2.7659 ,
2013-03-14,2.7687 ,
2013-03-15,2.7503 ,
2013-03-18,2.7594 ,
2013-03-19,2.7514 ,
2013-03-20,2.7441 ,
2013-03-21,2.7341 ,
2013-03-22,2.7341 ,
2013-03-25,2.7221 ,
2013-03-26,2.7121 ,
2013-03-27,2.6879 ,
2013-03-28,2.6855 ,
2013-03-29,2.6790 ,
2013-04-01,2.6799 ,
2013-04-02,2.6716 ,
2013-04-03,2.6741 ,
2013-04-07,2.6702 ,
2013-04-08,2.6432 ,
2013-04-09,2.6421 ,
2013-04-10,2.6504 ,
2013-04-11,2.6575 ,
2013-04-12,2.6790 ,
2013-04-15,2.6636 ,
2013-04-16,2.6719 ,
2013-04-17,2.7085 ,
2013-04-18,2.7585 ,
2013-04-19,2.8663 ,
2013-04-22,2.8898 ,
2013-04-23,2.8495 ,
2013-04-24,2.8243 ,
2013-04-25,2.8311 ,
2013-04-26,2.8162 ,
2013-04-27,2.7905 ,
2013-04-28,2.7842 ,
2013-05-02,2.7768 ,
2013-05-03,2.7759 ,
2013-05-06,2.8008 ,
2013-05-07,2.8052 ,
2013-05-08,2.8329 ,
2013-05-09,2.8330 ,
2013-05-10,2.8305 ,
2013-05-13,2.8416 ,
2013-05-14,2.8412 ,
2013-05-15,2.8298 ,
2013-05-16,2.8459 ,
2013-05-17,2.8622 ,
2013-05-20,2.8653 ,
2013-05-21,2.8812 ,
2013-05-22,2.8714 ,
2013-05-23,2.8649 ,
2013-05-24,2.8673 ,
2013-05-27,2.8655 ,
2013-05-28,2.8609 ,
2013-05-29,2.8610 ,
2013-05-30,2.8609 ,
2013-05-31,2.8682 ,
2013-06-03,2.8714 ,
2013-06-04,2.8812 ,
2013-06-05,2.9112 ,
2013-06-06,2.9362 ,
2013-06-07,3.0309 ,
2013-06-08,3.1007 ,
2013-06-09,3.0844 ,
2013-06-13,3.0859 ,
2013-06-14,3.1024 ,
2013-06-17,3.1000 ,
2013-06-18,3.1509 ,
2013-06-19,3.2606 ,
2013-06-20,3.5606 ,
2013-06-21,3.6106 ,
2013-06-24,3.6504 ,
2013-06-25,3.6504 ,
2013-06-26,3.5738 ,
2013-06-27,3.4463 ,
2013-06-28,3.4812 ,
2013-07-01,3.4706 ,
2013-07-02,3.3721 ,
2013-07-03,3.4212 ,
2013-07-04,3.3912 ,
2013-07-05,3.3716 ,
2013-07-08,3.3916 ,
2013-07-09,3.4016 ,
2013-07-10,3.5001 ,
2013-07-11,3.5001 ,
2013-07-12,3.5006 ,
2013-07-15,3.4998 ,
2013-07-16,3.4299 ,
2013-07-17,3.4345 ,
2013-07-18,3.4544 ,
2013-07-19,3.4624 ,
2013-07-22,3.5248 ,
2013-07-23,3.5503 ,
2013-07-24,3.5746 ,
2013-07-25,3.5107 ,
2013-07-26,3.5034 ,
2013-07-29,3.5128 ,
2013-07-30,3.5000 ,
2013-07-31,3.4908 ,
2013-08-01,3.4347 ,
2013-08-02,3.3938 ,
2013-08-05,3.4190 ,
2013-08-06,3.4047 ,
2013-08-07,3.4069 ,
2013-08-08,3.4271 ,
2013-08-09,3.4333 ,
2013-08-12,3.4479 ,
2013-08-13,3.4837 ,
2013-08-14,3.5373 ,
2013-08-15,3.5541 ,
2013-08-16,3.6041 ,
2013-08-19,3.6241 ,
2013-08-20,3.6241 ,
2013-08-21,3.6341 ,
2013-08-22,3.6436 ,
2013-08-23,3.6435 ,
2013-08-26,3.6212 ,
2013-08-27,3.6215 ,
2013-08-28,3.6235 ,
2013-08-29,3.6086 ,
2013-08-30,3.6186 ,
2013-09-02,3.6173 ,
2013-09-03,3.6173 ,
2013-09-04,3.5980 ,
2013-09-05,3.6055 ,
2013-09-06,3.6012 ,
2013-09-09,3.6106 ,
2013-09-10,3.6106 ,
2013-09-11,3.6106 ,
2013-09-12,3.5906 ,
2013-09-13,3.6106 ,
2013-09-16,3.5906 ,
2013-09-17,3.5906 ,
2013-09-18,3.5906 ,
2013-09-22,3.5730 ,
2013-09-23,3.5881 ,
2013-09-24,3.6100 ,
2013-09-25,3.6000 ,
2013-09-26,3.5501 ,
2013-09-27,3.5501 ,
2013-09-29,3.5601 ,
2013-09-30,3.5451 ,
2013-10-08,3.5451 ,
2013-10-09,3.5539 ,
2013-10-10,3.5627 ,
2013-10-11,3.5427 ,
2013-10-12,3.5427 ,
2013-10-14,3.5427 ,
2013-10-15,3.5169 ,
2013-10-16,3.5169 ,
2013-10-17,3.5469 ,
2013-10-18,3.5469 ,
2013-10-21,3.5522 ,
2013-10-22,3.5522 ,
2013-10-23,3.5645 ,
2013-10-24,3.6445 ,
2013-10-25,3.7445 ,
2013-10-28,3.7649 ,
2013-10-29,3.7852 ,
2013-10-30,4.0152 ,
2013-10-31,3.9752 ,
2013-11-01,3.9422 ,
2013-11-04,3.9222 ,
2013-11-05,3.9522 ,
2013-11-06,3.9752 ,
2013-11-07,4.0118 ,
2013-11-08,4.0214 ,
2013-11-11,4.1587 ,
2013-11-12,4.1209 ,
2013-11-13,4.1142 ,
2013-11-14,4.0956 ,
2013-11-15,4.1454 ,
2013-11-18,4.1560 ,
2013-11-19,4.1362 ,
2013-11-20,4.1808 ,
2013-11-21,4.1560 ,
2013-11-22,4.1265 ,
2013-11-25,4.1215 ,
2013-11-26,4.1067 ,
2013-11-27,4.1017 ,
2013-11-28,4.0472 ,
2013-11-29,3.9787 ,
2013-12-02,4.0385 ,
2013-12-03,4.0484 ,
2013-12-04,4.0029 ,
2013-12-05,4.0341 ,
2013-12-06,4.0364 ,
2013-12-09,4.0364 ,
2013-12-10,4.0284 ,
2013-12-11,4.0489 ,
2013-12-12,4.0336 ,
2013-12-13,4.0340 ,
2013-12-16,4.0390 ,
2013-12-17,4.0290 ,
2013-12-18,4.0689 ,
2013-12-19,4.0953 ,
2013-12-20,4.1053 ,
2013-12-23,4.1253 ,
2013-12-24,4.1546 ,
2013-12-25,4.1546 ,
2013-12-26,4.1546 ,
2013-12-27,4.1496 ,
2013-12-30,4.1522 ,
2013-12-31,4.2189 ,
2014-01-02,4.2251 ,
2014-01-03,4.2310 ,
2014-01-06,4.2132 ,
2014-01-07,4.2503 ,
2014-01-08,4.1810 ,
2014-01-09,4.1839 ,
2014-01-10,4.1339 ,
2014-01-13,4.0615 ,
2014-01-14,4.0384 ,
2014-01-15,3.9984 ,
2014-01-16,3.9584 ,
2014-01-17,3.9163 ,
2014-01-20,3.8910 ,
2014-01-21,3.7799 ,
2014-01-22,3.7300 ,
2014-01-23,3.6974 ,
2014-01-24,3.6780 ,
2014-01-26,3.6390 ,
2014-01-27,3.6054 ,
2014-01-28,3.6054 ,
2014-01-29,3.6044 ,
2014-01-30,3.6094 ,
2014-02-07,3.5653 ,
2014-02-08,3.5839 ,
2014-02-10,3.5039 ,
2014-02-11,3.5517 ,
2014-02-12,3.5448 ,
2014-02-13,3.4683 ,
2014-02-14,3.4654 ,
2014-02-17,3.4339 ,
2014-02-18,3.4061 ,
2014-02-19,3.3925 ,
2014-02-20,3.3585 ,
2014-02-21,3.3523 ,
2014-02-24,3.3503 ,
2014-02-25,3.2940 ,
2014-02-26,3.2764 ,
2014-02-27,3.2464 ,
2014-02-28,3.2775 ,
2014-03-03,3.3075 ,
2014-03-04,3.3325 ,
2014-03-05,3.2933 ,
2014-03-06,3.2733 ,
2014-03-07,3.2509 ,
2014-03-10,3.2002 ,
2014-03-11,3.2401 ,
2014-03-12,3.2083 ,
2014-03-13,3.1621 ,
2014-03-14,3.1621 ,
2014-03-17,3.1133 ,
2014-03-18,3.1033 ,
2014-03-19,3.1333 ,
2014-03-20,3.1133 ,
2014-03-21,3.1433 ,
2014-03-24,3.1233 ,
2014-03-25,3.1033 ,
2014-03-26,3.1033 ,
2014-03-27,3.0995 ,
2014-03-28,3.1095 ,
2014-03-31,3.0901 ,
2014-04-01,3.0892 ,
2014-04-02,3.0892 ,
2014-04-03,3.0851 ,
2014-04-04,3.1158 ,
2014-04-08,3.1759 ,
2014-04-09,3.2659 ,
2014-04-10,3.3147 ,
2014-04-11,3.5647 ,
2014-04-14,3.5574 ,
2014-04-15,3.5374 ,
2014-04-16,3.5174 ,
2014-04-17,3.4003 ,
2014-04-18,3.5003 ,
2014-04-21,3.6059 ,
2014-04-22,3.5786 ,
2014-04-23,3.5810 ,
2014-04-24,3.6141 ,
2014-04-25,3.5944 ,
2014-04-28,3.5957 ,
2014-04-29,3.5808 ,
2014-04-30,3.5774 ,
2014-05-04,3.5562 ,
2014-05-05,3.5613 ,
2014-05-06,3.5509 ,
2014-05-07,3.5267 ,
2014-05-08,3.4970 ,
2014-05-09,3.4687 ,
2014-05-12,3.4974 ,
2014-05-13,3.5024 ,
2014-05-14,3.5132 ,
2014-05-15,3.5126 ,
2014-05-16,3.5139 ,
2014-05-19,3.4882 ,
2014-05-20,3.5036 ,
2014-05-21,3.5037 ,
2014-05-22,3.4682 ,
2014-05-23,3.4584 ,
2014-05-26,3.4562 ,
2014-05-27,3.3587 ,
2014-05-28,3.3732 ,
2014-05-29,3.3589 ,
2014-05-30,3.3589 ,
2014-06-03,3.3139 ,
2014-06-04,3.2339 ,
2014-06-05,3.1739 ,
2014-06-06,3.1939 ,
2014-06-09,3.1739 ,
2014-06-10,3.1489 ,
2014-06-11,3.2489 ,
2014-06-12,3.3289 ,
2014-06-13,3.3489 ,
2014-06-16,3.3298 ,
2014-06-17,3.3498 ,
2014-06-18,3.3898 ,
2014-06-19,3.4123 ,
2014-06-20,3.4039 ,
2014-06-23,3.3788 ,
2014-06-24,3.3805 ,
2014-06-25,3.3901 ,
2014-06-26,3.3615 ,
2014-06-27,3.3640 ,
2014-06-30,3.3814 ,
2014-07-01,3.4050 ,
2014-07-02,3.4561 ,
2014-07-03,3.4656 ,
2014-07-04,3.4506 ,
2014-07-07,3.4441 ,
2014-07-08,3.4326 ,
2014-07-09,3.4839 ,
2014-07-10,3.5115 ,
2014-07-11,3.5115 ,
2014-07-14,3.5196 ,
2014-07-15,3.5893 ,
2014-07-16,3.7277 ,
2014-07-17,3.7771 ,
2014-07-18,3.8653 ,
2014-07-21,3.8088 ,
2014-07-22,3.7799 ,
2014-07-23,3.7794 ,
2014-07-24,3.7369 ,
2014-07-25,3.7238 ,
2014-07-28,3.7274 ,
2014-07-29,3.7576 ,
2014-07-30,3.7576 ,
2014-07-31,3.7380 ,
2014-08-01,3.7231 ,
2014-08-04,3.7131 ,
2014-08-05,3.7165 ,
2014-08-06,3.7112 ,
2014-08-07,3.7014 ,
2014-08-08,3.7030 ,
2014-08-11,3.7280 ,
2014-08-12,3.7480 ,
2014-08-13,3.7924 ,
2014-08-14,3.7766 ,
2014-08-15,3.7443 ,
2014-08-18,3.7474 ,
2014-08-19,3.7434 ,
2014-08-20,3.7834 ,
2014-08-21,3.8049 ,
2014-08-22,3.8121 ,
2014-08-25,3.8148 ,
2014-08-26,3.8276 ,
2014-08-27,3.8070 ,
2014-08-28,3.7973 ,
2014-08-29,3.8103 ,
2014-09-01,3.8041 ,
2014-09-02,3.7937 ,
2014-09-03,3.8193 ,
2014-09-04,3.8022 ,
2014-09-05,3.7808 ,
2014-09-09,3.7948 ,
2014-09-10,3.7904 ,
2014-09-11,3.8059 ,
2014-09-12,3.8225 ,
2014-09-15,3.8024 ,
2014-09-16,3.8284 ,
2014-09-17,3.7924 ,
2014-09-18,3.7675 ,
2014-09-19,3.7733 ,
2014-09-22,3.7929 ,
2014-09-23,3.7637 ,
2014-09-24,3.7819 ,
2014-09-25,3.7521 ,
2014-09-26,3.7462 ,
2014-09-28,3.7401 ,
2014-09-29,3.7511 ,
2014-09-30,3.7401 ,
2014-10-08,3.7408 ,
2014-10-09,3.7409 ,
2014-10-10,3.7358 ,
2014-10-11,3.7262 ,
2014-10-13,3.7210 ,
2014-10-14,3.6716 ,
2014-10-15,3.6355 ,
2014-10-16,3.5672 ,
2014-10-17,3.5385 ,
2014-10-20,3.5010 ,
2014-10-21,3.4849 ,
2014-10-22,3.4851 ,
2014-10-23,3.4764 ,
2014-10-24,3.4966 ,
2014-10-27,3.4516 ,
2014-10-28,3.4163 ,
2014-10-29,3.4024 ,
2014-10-30,3.3810 ,
2014-10-31,3.3555 ,
2014-11-03,3.2953 ,
2014-11-04,3.2426 ,
2014-11-05,3.2463 ,
2014-11-06,3.2329 ,
2014-11-07,3.1972 ,
2014-11-10,3.1800 ,
2014-11-11,3.1555 ,
2014-11-12,3.1515 ,
2014-11-13,3.1517 ,
2014-11-14,3.1544 ,
2014-11-17,3.1692 ,
2014-11-18,3.1522 ,
2014-11-19,3.1522 ,
2014-11-20,3.2121 ,
2014-11-21,3.2686 ,
2014-11-22,,2.75 
2014-11-24,3.1325 ,
2014-11-25,3.0041 ,
2014-11-26,3.0302 ,
2014-11-27,3.0302 ,
2014-11-28,3.0347 ,
2014-12-01,3.0243 ,
2014-12-02,3.0443 ,
2014-12-03,3.0643 ,
2014-12-04,3.0557 ,
2014-12-05,3.1431 ,
2014-12-08,3.1983 ,
2014-12-09,3.3669 ,
2014-12-10,3.3769 ,
2014-12-11,3.3609 ,
2014-12-12,3.3326 ,
2014-12-15,3.3309 ,
2014-12-16,3.3283 ,
2014-12-17,3.4383 ,
2014-12-18,3.4999 ,
2014-12-19,3.5250 ,
2014-12-22,3.4950 ,
2014-12-23,3.4801 ,
2014-12-24,3.4005 ,
2014-12-25,3.3418 ,
2014-12-26,3.3189 ,
2014-12-29,3.2730 ,
2014-12-30,3.2486 ,
2014-12-31,3.2586 ,
2015-01-04,3.2537 ,
2015-01-05,3.2314 ,
2015-01-06,3.2189 ,
2015-01-07,3.1767 ,
2015-01-08,3.1890 ,
2015-01-09,3.1787 ,
2015-01-12,3.2146 ,
2015-01-13,3.2014 ,
2015-01-14,3.2012 ,
2015-01-15,3.2059 ,
2015-01-16,3.2029 ,
2015-01-19,3.1887 ,
2015-01-20,3.1812 ,
2015-01-21,3.1752 ,
2015-01-22,3.1652 ,
2015-01-23,3.1606 ,
2015-01-26,3.1427 ,
2015-01-27,3.0817 ,
2015-01-28,3.0955 ,
2015-01-29,3.0980 ,
2015-01-30,3.0963 ,
2015-02-02,3.0832 ,
2015-02-03,3.0907 ,
2015-02-04,3.0906 ,
2015-02-05,3.0804 ,
2015-02-06,3.0912 ,
2015-02-09,3.0856 ,
2015-02-10,3.0932 ,
2015-02-11,3.0928 ,
2015-02-12,3.0872 ,
2015-02-13,3.0859 ,
2015-02-15,3.0656 ,
2015-02-16,3.0801 ,
2015-02-17,3.0624 ,
2015-02-25,3.0353 ,
2015-02-26,3.0353 ,
2015-02-27,3.0438 ,
2015-02-28,3.0396 ,
2015-03-01,,2.50 
2015-03-02,3.0488 ,
2015-03-03,3.0341 ,
2015-03-04,3.0291 ,
2015-03-05,3.0518 ,
2015-03-06,3.0576 ,
2015-03-09,3.0787 ,
2015-03-10,3.0812 ,
2015-03-11,3.0615 ,
2015-03-12,3.0495 ,
2015-03-13,3.0944 ,
2015-03-16,3.0944 ,
2015-03-17,3.1142 ,
2015-03-18,3.1042 ,
2015-03-19,3.0992 ,
2015-03-20,3.1020 ,
2015-03-23,3.1032 ,
2015-03-24,3.1031 ,
2015-03-25,3.1183 ,
2015-03-26,3.1483 ,
2015-03-27,3.1833 ,
2015-03-30,3.1833 ,
2015-03-31,3.2236 ,
2015-04-01,3.2186 ,
2015-04-02,3.1743 ,
2015-04-03,3.1753 ,
2015-04-07,3.1801 ,
2015-04-08,3.1802 ,
2015-04-09,3.1202 ,
2015-04-10,3.1602 ,
2015-04-13,3.1602 ,
2015-04-14,3.1302 ,
2015-04-15,3.1002 ,
2015-04-16,3.0729 ,
2015-04-17,3.1628 ,
2015-04-20,3.0872 ,
2015-04-21,3.0092 ,
2015-04-22,3.0152 ,
2015-04-23,2.9713 ,
2015-04-24,2.9276 ,
2015-04-27,2.8663 ,
2015-04-28,2.8266 ,
2015-04-29,2.8267 ,
2015-04-30,2.6940 ,
2015-05-04,2.7296 ,
2015-05-05,2.7278 ,
2015-05-06,2.7080 ,
2015-05-07,2.6912 ,
2015-05-08,2.6821 ,
2015-05-11,2.6562 ,2.25 
2015-05-12,2.5691 ,
2015-05-13,2.4501 ,
2015-05-14,2.3557 ,
2015-05-15,2.3440 ,
2015-05-18,2.3740 ,
2015-05-19,2.4574 ,
2015-05-20,2.4391 ,
2015-05-21,2.4373 ,
2015-05-22,2.3822 ,
2015-05-25,2.2462 ,
2015-05-26,2.0338 ,
2015-05-27,1.8707 ,
2015-05-28,1.9369 ,
2015-05-29,1.9387 ,
2015-06-01,1.9947 ,
2015-06-02,1.9651 ,
2015-06-03,1.9356 ,
2015-06-04,1.8813 ,
2015-06-05,1.8763 ,
2015-06-08,1.8576 ,
2015-06-09,1.7786 ,
2015-06-10,1.7097 ,
2015-06-11,1.7103 ,
2015-06-12,1.6870 ,
2015-06-15,1.6482 ,
2015-06-16,1.6407 ,
2015-06-17,1.6890 ,
2015-06-18,1.7044 ,
2015-06-19,1.7494 ,
2015-06-23,1.7159 ,
2015-06-24,1.7165 ,
2015-06-25,1.7128 ,
2015-06-26,1.7628 ,
2015-06-28,,2.00 
2015-06-29,1.7528 ,
2015-06-30,1.7378 ,
2015-07-01,1.7378 ,
2015-07-02,1.7745 ,
2015-07-03,1.7740 ,
2015-07-06,1.7455 ,
2015-07-07,1.9155 ,
2015-07-08,2.2655 ,
2015-07-09,2.2655 ,
2015-07-10,2.3555 ,
2015-07-13,2.4455 ,
2015-07-14,2.4486 ,
2015-07-15,2.4368 ,
2015-07-16,2.4471 ,
2015-07-17,2.4501 ,
2015-07-20,2.4583 ,
2015-07-21,2.4417 ,
2015-07-22,2.4071 ,
2015-07-23,2.3335 ,
2015-07-24,2.3360 ,
2015-07-27,2.3113 ,
2015-07-28,2.2617 ,
2015-07-29,2.2388 ,
2015-07-30,2.2318 ,
2015-07-31,2.2530 ,
2015-08-03,2.3038 ,
2015-08-04,2.3254 ,
2015-08-05,2.2428 ,
2015-08-06,2.2073 ,
2015-08-07,2.1753 ,
2015-08-10,2.1843 ,
2015-08-11,2.2433 ,
2015-08-12,2.3181 ,
2015-08-13,2.2883 ,
2015-08-14,2.3273 ,
2015-08-17,2.2466 ,
2015-08-18,2.2621 ,
2015-08-19,2.2571 ,
2015-08-20,2.2608 ,
2015-08-21,2.2608 ,
2015-08-24,2.2807 ,
2015-08-25,2.2800 ,
2015-08-26,2.2657 ,1.75 
2015-08-27,2.2661 ,
2015-08-28,2.2735 ,
2015-08-31,2.2519 ,
2015-09-01,2.2628 ,
2015-09-02,2.2586 ,
2015-09-06,2.2540 ,
2015-09-07,2.2643 ,
2015-09-08,2.2737 ,
2015-09-09,2.2543 ,
2015-09-10,2.2546 ,
2015-09-11,2.2543 ,
2015-09-14,2.2862 ,
2015-09-15,2.3261 ,
2015-09-16,2.3330 ,
2015-09-17,2.3062 ,
2015-09-18,2.3292 ,
2015-09-21,2.3271 ,
2015-09-22,2.3078 ,
2015-09-23,2.3086 ,
2015-09-24,2.2893 ,
2015-09-25,2.3625 ,
2015-09-28,2.4032 ,
2015-09-29,2.3890 ,
2015-09-30,2.3919 ,
2015-10-08,2.4031 ,
2015-10-09,2.4091 ,
2015-10-10,2.4116 ,
2015-10-12,2.4269 ,
2015-10-13,2.4186 ,
2015-10-14,2.4084 ,
2015-10-15,2.4190 ,
2015-10-16,2.4320 ,
2015-10-19,2.4286 ,
2015-10-20,2.4255 ,
2015-10-21,2.4273 ,
2015-10-22,2.4234 ,
2015-10-23,2.4454 ,
2015-10-24,,1.50 
2015-10-26,2.4237 ,
2015-10-27,2.3748 ,
2015-10-28,2.3698 ,
2015-10-29,2.3683 ,
2015-10-30,2.3513 ,
