日期,收盘价,涨跌,涨跌幅,成交量(手),成交金额(万),纯债YTM,涨跌BP,转股价值,纯债价值,转股溢价率,纯债溢价率,平底溢价率
2017-02-20,112.5,-0.1,-0.000888099,4391,494.4315,-1.2792,2.74,80.303003,96.7976,0.400944,0.162219,-0.170402954
2017-02-17,112.6,-0.21,-0.001861537,7046,794.8019,-1.3066,6.39,79.752039,96.627,0.411877,0.165306,-0.174640225
2017-02-16,112.81,-0.25,-0.002211215,6555,740.1899,-1.3705,7.59,80.027521,96.58,0.40964,0.168047,-0.171386198
2017-02-15,113.06,-0.35,-0.003086148,3002,340.3308,-1.4464,10.62,79.88978,96.5201,0.415199,0.171362,-0.172299034
2017-02-14,113.41,-0.04,-0.000352578,1538,174.4855,-1.5526,1.08,80.716226,96.5049,0.405046,0.175173,-0.163604895
2017-02-13,113.45,0.24,0.002119954,2009,227.8896,-1.5634,-7.79,80.853967,96.5257,0.403146,0.175335,-0.162358139
2017-02-10,113.21,0.31,0.002745793,7354,832.8349,-1.4855,-9.65,80.440744,96.3364,0.407372,0.175153,-0.165001557
2017-02-09,112.9,0.3,0.002664298,3120,352.1611,-1.389,-9.36,80.303003,96.3807,0.405925,0.171396,-0.166814487
2017-02-08,112.6,0.07,0.000622056,7219,812.7979,-1.2954,-2.28,80.027521,96.5105,0.407016,0.166712,-0.170789489
2017-02-07,112.53,-0.14,-0.001242567,4562,513.971,-1.2726,4.18,79.88978,96.6997,0.408565,0.163706,-0.17383632
2017-02-06,112.67,-0.08,-0.000709534,4372,492.3212,-1.3144,2.08,79.614298,96.8,0.415198,0.163946,-0.177538244
2017-02-03,112.75,-0.55,-0.004854369,2836,320.2893,-1.3352,15.64,79.476557,96.908,0.418657,0.163475,-0.179876202
2017-01-26,113.3,0.54,0.004788932,874,98.9244,-1.4916,-16.47,79.476557,96.8478,0.425577,0.169877,-0.179366418
2017-01-25,112.76,-0.1,-0.000886054,599,67.5518,-1.3269,2.9,79.338816,96.9688,0.421247,0.162848,-0.181810892
2017-01-24,112.86,-0.14,-0.001238938,1008,113.6964,-1.3559,4.11,79.201075,96.941,0.42498,0.164213,-0.182997132
2017-01-23,113,-0.06,-0.000530692,7788,879.1886,-1.397,1.41,79.063334,96.8518,0.429235,0.166731,-0.18366686
2017-01-20,113.06,0.29,0.002571606,6233,702.7505,-1.4111,-8.87,78.787852,96.9039,0.434992,0.166723,-0.186948595
2017-01-19,112.77,0.16,0.001420833,5422,611.3896,-1.3224,-4.95,78.374629,96.9784,0.438859,0.162836,-0.191834171
2017-01-18,112.61,-0.34,-0.003010181,8683,979.6483,-1.2729,10.12,78.374629,97.2208,0.436818,0.158291,-0.193849166
2017-01-17,112.95,0.04,0.000354264,2382,268.9126,-1.3741,-1.33,78.787852,97.3806,0.433596,0.159882,-0.190928665
2017-01-16,112.91,-1.96,-0.017062767,7378,835.0887,-1.3608,57.66,78.236888,97.4304,0.443181,0.158879,-0.196997159
2017-01-13,114.87,0.04,0.000348341,606,69.6007,-1.9374,-1.35,80.027521,97.3599,0.435382,0.179849,-0.178023796
2017-01-12,114.83,0.21,0.001832141,11107,1282.2786,-1.9239,-6.33,80.027521,97.3445,0.434882,0.179625,-0.177893759
2017-01-11,114.62,-0.53,-0.004602692,2418,277.5685,-1.8606,15.3,80.716226,97.1874,0.420037,0.179371,-0.169478492
2017-01-10,115.15,-0.38,-0.003289189,500,57.6147,-2.0136,10.83,81.129449,97.0375,0.419338,0.186655,-0.163937148
2017-01-09,115.53,0.67,0.005833188,3337,382.7794,-2.1219,-20,80.991708,96.9667,0.426442,0.19144,-0.164747197
2017-01-06,114.86,-0.09,-0.000782949,4822,553.7001,-1.9219,2.44,81.26719,96.8003,0.413362,0.186567,-0.160465515
2017-01-05,114.95,0.72,0.006303073,9999,1152.0263,-1.9463,-21.15,81.955895,96.6323,0.402584,0.189561,-0.151878875
2017-01-04,114.23,0.19,0.001666082,1201,137.0685,-1.7348,-5.72,81.404931,96.7425,0.403232,0.180763,-0.158540135
2017-01-03,114.04,0.21,0.001844856,3650,416.3418,-1.6776,-6.75,80.578485,96.6452,0.415266,0.179986,-0.166244314
2016-12-30,113.83,0.51,0.004500529,15190,1730.167,-1.6101,-15.1,80.027521,96.4518,0.422386,0.180175,-0.170284837
2016-12-29,113.32,0.19,0.001679484,19638,2227.0558,-1.4591,-5.72,80.303003,96.6461,0.411155,0.172525,-0.169102499
2016-12-28,113.13,-0.66,-0.005800158,9705,1102.0733,-1.4019,19.21,79.338816,96.628,0.42591,0.170779,-0.178925198
2016-12-27,113.79,0.19,0.001672535,23749,2705.2215,-1.594,-5.7,80.027521,96.6621,0.421886,0.177194,-0.172089981
2016-12-26,113.6,-0.91,-0.007946904,1301,147.2218,-1.537,2.79,79.201075,96.5812,0.434324,0.176212,-0.1799535
2016-12-23,114.51,0.3,0.00262674,12466,1427.2046,-1.5649,-8.89,79.063334,97.2239,0.448333,0.177797,-0.18679117
2016-12-22,114.21,0.19,0.001666374,9367,1068.7133,-1.476,-5.68,80.303003,97.0905,0.422238,0.176325,-0.17290566
2016-12-21,114.02,0.92,0.008134394,5977,680.8726,-1.4192,-27.14,80.303003,97.0051,0.419872,0.175402,-0.172177514
2016-12-20,113.1,-0.48,-0.004226096,3930,445.543,-1.1478,14.01,79.614298,97.1401,0.420599,0.164298,-0.180417788
2016-12-19,113.58,-0.13,-0.001143259,7071,803.7541,-1.2879,3.45,80.303003,97.4222,0.414393,0.165853,-0.175721725
2016-12-16,113.71,0.07,0.00061598,23604,2682.6654,-1.3224,-2.17,80.578485,97.3364,0.41117,0.168217,-0.172164935
2016-12-15,113.64,-1.36,-0.011826087,17249,1966.3693,-1.3007,39.24,80.578485,97.5152,0.410302,0.165357,-0.173682821
2016-12-14,115,-0.65,-0.005620406,4056,466.7599,-1.6931,18.41,80.303003,97.7451,0.432076,0.17653,-0.17844472
2016-12-13,115.65,-0.35,-0.003017241,10523,1214.5009,-1.8772,9.76,80.991708,98.0394,0.427924,0.179628,-0.173886131
2016-12-12,116,-2.51,-0.021179647,12365,1445.7598,-1.9748,69.34,81.129449,98.1902,0.429815,0.181381,-0.173752075
2016-12-09,118.51,0.11,0.000929054,2991,354.5638,-2.6682,-3.25,84.572974,98.2668,0.401275,0.206002,-0.139353535
2016-12-08,118.4,0.6,0.005093379,5596,662.7529,-2.6357,-16.75,84.710715,98.1765,0.397698,0.205991,-0.137158943
2016-12-07,117.8,0,0,4183,492.4031,-2.4682,-0.23,84.572974,98.1304,0.39288,0.200443,-0.138157248
2016-12-06,117.8,-0.8,-0.006745363,18099,2144.3296,-2.4659,21.73,84.435233,98.1756,0.395153,0.199891,-0.139957046
2016-12-05,118.6,-2.03,-0.016828318,5721,680.5141,-2.6832,53.96,84.02201,99.1248,0.411535,0.196472,-0.152361367
2016-12-02,120.63,-0.86,-0.007078772,3676,445.4848,-3.2228,22.49,84.297492,99.0783,0.431003,0.217522,-0.149183101
2016-12-01,121.49,-0.01,-8.23045E-05,2350,286.2918,-3.4477,-0.05,85.812643,99.1495,0.415759,0.225321,-0.1345126
2016-11-30,121.5,-1,-0.008163265,3630,441.8062,-3.4472,25.85,84.572974,99.1576,0.436629,0.225322,-0.147085307
2016-11-29,122.5,-1.11,-0.008979856,1441,177.0455,-3.7057,28.36,85.537161,99.2371,0.432125,0.234417,-0.138052593
2016-11-28,123.61,-0.77,-0.006190706,3284,406.2721,-3.9893,18.58,86.088125,99.3586,0.435855,0.24408,-0.133561413
2016-11-25,124.38,0.59,0.004766136,922,114.3562,-4.1751,-15.39,86.501348,99.3117,0.437897,0.25242,-0.128991368
2016-11-24,123.79,0.29,0.002348178,4876,605.0511,-4.0212,-7.77,86.088125,99.3321,0.437946,0.246224,-0.133330263
2016-11-23,123.5,0.95,0.007751938,9920,1227.5316,-3.9435,-24.78,86.77683,99.3552,0.423191,0.243015,-0.126600017
2016-11-22,122.55,0,0,0,0,-3.6957,-0.32,84.986197,99.3236,0.441999,0.233846,-0.144350416
2016-11-21,122.55,-0.06,-0.000489356,3256,399.4948,-3.6925,0.57,84.986197,99.3114,0.441999,0.233997,-0.144245303
2016-11-18,122.61,-0.13,-0.001059149,1357,166.5209,-3.6982,3.01,85.537161,99.3372,0.433411,0.234281,-0.138921159
2016-11-17,122.74,0.11,0.000897007,273,33.4833,-3.7283,-3.15,85.123938,99.4983,0.441898,0.233589,-0.144468418
2016-11-16,122.63,0.05,0.000407897,3142,385.186,-3.6968,-1.61,84.572974,99.6178,0.44999,0.231005,-0.151025479
2016-11-15,122.58,0.13,0.001061658,4163,510.0222,-3.6807,-3.66,84.986197,99.8154,0.442352,0.228067,-0.148566283
2016-11-14,122.45,0.25,0.002045827,4450,545.0089,-3.6441,-7.37,84.572974,99.9607,0.447862,0.224981,-0.153937758
2016-11-11,122.2,0.2,0.001639344,11729,1432.2739,-3.5704,-5.46,84.572974,99.9592,0.444906,0.222499,-0.153925061
2016-11-10,122,0.06,0.000492045,9639,1175.9236,-3.5158,-1.85,84.02201,100.0687,0.452001,0.219162,-0.160356735
2016-11-09,121.94,0.1,0.000820749,2857,348.5218,-3.4973,-2.88,83.608787,100.0163,0.458459,0.219201,-0.16404839
2016-11-08,121.84,-0.01,-8.20681E-05,9570,1167.0903,-3.4685,-0.04,83.333305,100.0141,0.462081,0.218228,-0.166784433
2016-11-07,121.85,-0.15,-0.001229508,13981,1705.6862,-3.4681,2.93,83.057823,100.065,0.467051,0.217708,-0.169961295
2016-11-04,122,-0.17,-0.001391504,2599,317.0552,-3.4974,4.05,84.02201,100.0022,0.452001,0.219973,-0.159798384
2016-11-03,122.17,-0.02,-0.00016368,337,41.19,-3.5379,0.2,84.297492,100.0929,0.449272,0.220566,-0.157807477
2016-11-02,122.19,-0.01,-8.18331E-05,384,46.9094,-3.5399,-0.06,84.572974,99.9849,0.444787,0.222085,-0.154142536
2016-11-01,122.2,0.38,0.003119356,230,28.0739,-3.5393,-10,84.297492,99.9842,0.449628,0.222193,-0.156891869
2016-10-31,121.82,-0.72,-0.005875632,84,10.2439,-3.4393,17.4,83.884269,99.9206,0.452238,0.219168,-0.16049074
2016-10-28,122.54,1.02,0.00839368,5254,646.4413,-3.6133,-26.24,84.986197,99.9649,0.441881,0.22583,-0.149839624
2016-10-27,121.52,-1.53,-0.01243397,2160,263.6726,-3.3509,38.46,85.537161,100.0643,0.420668,0.214419,-0.145178041
2016-10-26,123.05,-0.1,-0.000812018,1221,150.4247,-3.7355,2.19,85.950384,100.0794,0.43164,0.229524,-0.141178065
2016-10-25,123.15,0.29,0.00236041,2290,281.6531,-3.7574,-7.6,86.088125,100.13,0.430511,0.229901,-0.140236443
2016-10-24,122.86,0.21,0.001712189,3087,379.8169,-3.6814,-6.22,86.225866,100.1486,0.424862,0.226777,-0.139020755
2016-10-21,122.65,0.27,0.002206243,3426,420.1857,-3.6192,-7.1,86.088125,100.0768,0.424703,0.225559,-0.139779399
2016-10-20,122.38,0.07,0.000572316,5373,657.5785,-3.5482,-2.07,85.950384,99.9548,0.423844,0.224353,-0.140107489
2016-10-19,122.31,0.54,0.00443459,10226,1250.5485,-3.5275,-13.92,86.088125,99.8581,0.420754,0.224838,-0.137895424
2016-10-18,121.77,0.47,0.003874691,551,67.0032,-3.3883,-12.2,86.501348,99.8554,0.407725,0.219463,-0.133733899
2016-10-17,121.3,-0.16,-0.001317306,7070,858.1767,-3.2663,3.21,85.674902,99.7578,0.415817,0.215945,-0.141170896
2016-10-14,121.46,-0.39,-0.003200657,14902,1809.9855,-3.2984,9.56,86.501348,99.7986,0.404141,0.217051,-0.133240867
2016-10-13,121.85,-0.33,-0.002700933,1544,188.3189,-3.394,7.99,86.501348,99.703,0.408649,0.22213,-0.132409777
2016-10-12,122.18,-0.32,-0.002612245,1735,211.7768,-3.4739,7.7,86.914571,99.6919,0.405748,0.225576,-0.128168176
2016-10-11,122.5,0.6,0.004922067,1883,229.628,-3.5509,-15.31,86.639089,99.7533,0.413911,0.22803,-0.131466438
2016-10-10,121.9,-2.06,-0.016618264,17730,2167.6313,-3.3978,47.83,86.363607,99.7083,0.411474,0.222566,-0.133837334
2016-09-30,123.96,-0.03,-0.000241955,907,112.7036,-3.8761,0.4,88.980686,99.6054,0.393111,0.244511,-0.106668052
2016-09-29,123.99,0.17,0.001372961,210,26.0136,-3.8801,-4.46,88.842945,99.6024,0.39561,0.24485,-0.108024054
2016-09-28,123.82,0.18,0.00145584,1255,155.5112,-3.8355,-4.7,89.393909,99.5688,0.385106,0.243562,-0.102189551
2016-09-27,123.64,-0.16,-0.001292407,7738,960.1773,-3.7885,3.57,89.53165,99.796,0.380963,0.238927,-0.102853321
2016-09-26,123.8,-0.43,-0.003461322,754,93.1898,-3.8242,9.44,86.501348,99.9147,0.431192,0.239057,-0.134248034
2016-09-23,124.23,0.03,0.000241546,4017,498.2551,-3.9186,-1.05,88.15424,99.7155,0.409235,0.245844,-0.115942456
2016-09-22,124.2,1.05,0.008526188,28490,3520.6514,-3.9081,-25.77,89.944873,99.7115,0.380845,0.245594,-0.097948852
2016-09-21,123.15,0.38,0.003095219,1188,146.6546,-3.6504,-9.58,87.878758,99.6368,0.401362,0.235989,-0.118009029
2016-09-20,122.77,-0.33,-0.002680747,98,12.0374,-3.5546,7.75,87.603276,99.7515,0.401431,0.230758,-0.121784875
2016-09-19,123.1,0.37,0.003014748,13231,1627.6015,-3.6321,-10.5,87.465535,99.7229,0.407412,0.234421,-0.122914245
2016-09-14,122.73,0.15,0.001223691,2391,293.4246,-3.5271,-3.95,86.77683,99.6652,0.414318,0.231423,-0.129316652
2016-09-13,122.58,0.06,0.000489716,156,19.1363,-3.4876,-1.75,86.363607,99.682,0.419348,0.22971,-0.133608806
2016-09-12,122.52,-1.63,-0.013129279,12167,1493.7434,-3.4701,38.4,86.225866,99.673,0.420919,0.22922,-0.134912504
2016-09-09,124.15,-0.25,-0.002009646,398,49.4124,-3.8541,5.63,89.256168,99.5801,0.39094,0.246735,-0.10367465
2016-09-08,124.4,0.38,0.003064022,1479,184.1014,-3.9104,-9.37,90.220355,99.5873,0.378846,0.249155,-0.094057626
2016-09-07,124.02,0.63,0.005105762,3943,488.2227,-3.8167,-15.39,89.807132,99.5915,0.38096,0.245287,-0.098245011
2016-09-06,123.39,0.27,0.002192982,4584,563.8471,-3.6628,-6.79,89.807132,99.554,0.373945,0.239428,-0.097905338
2016-09-05,123.12,0.02,0.00016247,3507,432.3268,-3.5949,-1.37,89.669391,99.5811,0.373044,0.236379,-0.099534038
2016-09-02,123.1,-0.16,-0.001298069,7168,888.2593,-3.5812,3.54,89.944873,99.5647,0.368616,0.236382,-0.096618852
2016-09-01,123.26,-0.03,-0.000243329,2511,309.0818,-3.6166,0.42,89.669391,99.5572,0.374605,0.238082,-0.09931787
2016-08-31,123.29,0.9,0.007353542,11956,1469.8794,-3.6208,-21.92,92.424211,99.5096,0.333958,0.238976,-0.07120307
2016-08-30,122.39,-0.28,-0.002282547,777,95.222,-3.4016,6.46,91.046801,99.5072,0.344254,0.229961,-0.085022983
2016-08-29,122.67,-0.36,-0.002926116,2903,357.9606,-3.4662,7.77,92.561952,99.578,0.325274,0.231899,-0.070457812
2016-08-26,123.03,-0.64,-0.005175063,2885,357.0033,-3.5439,14.94,91.046801,99.5419,0.351283,0.235962,-0.085341941
2016-08-25,123.67,-1.95,-0.015523006,3753,465.8126,-3.6933,45.42,91.460024,99.4999,0.352176,0.242916,-0.080802855
2016-08-24,125.62,-0.39,-0.003094992,571,71.9082,-4.1475,8.69,91.610286,99.3954,0.371243,0.263841,-0.078324691
2016-08-23,126.01,-0.89,-0.007013396,1096,138.4529,-4.2344,20.1,92.422194,99.4437,0.363417,0.267149,-0.070607851
2016-08-22,126.9,-0.34,-0.002672116,4849,615.8458,-4.4354,6.66,93.36942,99.3788,0.359118,0.276932,-0.060469436
2016-08-19,127.24,-0.66,-0.005160281,1355,172.272,-4.502,14.58,94.181328,99.4201,0.351011,0.279822,-0.052693288
2016-08-18,127.9,2.39,0.019042307,19088,2441.4246,-4.6478,-54.93,95.39919,99.3623,0.340682,0.287209,-0.03988545
2016-08-17,125.51,-0.75,-0.005940124,4228,530.7776,-4.0985,16.92,92.963466,99.3234,0.3501,0.26365,-0.064032584
2016-08-16,126.26,-0.23,-0.001818326,31634,4008.2805,-4.2677,4.91,94.7226,99.2959,0.332945,0.271553,-0.046057289
2016-08-15,126.49,4.22,0.034513781,29751,3744.8421,-4.3168,-99.34,97.564278,99.5448,0.296478,0.270684,-0.019895786
2016-08-12,122.27,1.91,0.015869059,29024,3520.2664,-3.3234,-46.2,90.527742,99.541,0.350636,0.228338,-0.090548196
2016-08-11,120.36,0.03,0.000249314,2578,311.5894,-2.8614,-0.96,86.332884,99.4455,0.394138,0.210311,-0.131857309
2016-08-10,120.33,-1.05,-0.008650519,1681,203.0253,-2.8518,25.1,86.874156,99.3585,0.385106,0.211069,-0.125649481
2016-08-09,121.38,0.43,0.003555188,2708,327.9909,-3.1028,-10.58,88.227336,99.3053,0.375765,0.222291,-0.11155461
2016-08-08,120.95,0.52,0.004317861,8624,1043.1045,-2.997,-13.26,88.092018,99.2624,0.372996,0.218488,-0.11253387
2016-08-05,120.43,0.94,0.007866767,6387,769.6192,-2.8644,-23.04,86.332884,99.0389,0.394949,0.215987,-0.128293186
2016-08-04,119.49,0.89,0.007504216,2215,263.9477,-2.634,-22.01,86.197566,98.9417,0.386233,0.207681,-0.128804478
2016-08-03,118.6,0.82,0.006962133,1129,133.6112,-2.4139,-20.45,85.92693,98.9271,0.380243,0.198863,-0.131411615
2016-08-02,117.78,0.62,0.005291909,417,48.9921,-2.2094,-15.61,83.626524,98.6432,0.408405,0.194,-0.152232247
2016-08-01,117.16,-1.39,-0.011725011,4176,491.386,-2.0533,33.86,82.54398,98.629,0.419364,0.187886,-0.163086111
2016-07-29,118.55,-2.36,-0.01951865,7229,866.1803,-2.3919,56.91,84.57375,98.7179,0.401734,0.200897,-0.143278473
2016-07-28,120.91,-0.89,-0.007307061,2260,273.1439,-2.961,20.9,85.656294,98.5687,0.411572,0.226657,-0.130999049
2016-07-27,121.8,-0.84,-0.006849315,4069,494.9744,-3.17,19.49,85.92693,98.4891,0.417484,0.236685,-0.127548835
2016-07-26,122.64,0.64,0.005245902,3446,423.893,-3.3649,-15.29,89.30988,98.466,0.373196,0.245506,-0.09298763
2016-07-25,122,-0.5,-0.004081633,9683,1181.5848,-3.212,10.95,89.174562,98.5137,0.368103,0.238406,-0.094800398
2016-07-22,122.5,-0.33,-0.00268664,3120,384.2298,-3.3215,7.43,89.174562,98.4111,0.37371,0.244778,-0.093856669
2016-07-21,122.83,0.63,0.005155483,2353,288.2085,-3.3958,-14.97,89.445198,98.3331,0.373243,0.249122,-0.090385659
2016-07-20,122.2,-0.08,-0.000654236,3223,393.925,-3.2461,1.61,89.30988,98.2996,0.368269,0.243138,-0.091452254
2016-07-19,122.28,-0.03,-0.000245278,7241,883.2413,-3.2622,0.44,90.257106,98.5264,0.354796,0.241089,-0.083929728
2016-07-18,122.31,0.63,0.005177515,2998,366.4282,-3.2666,-15.49,91.745604,98.4873,0.333143,0.241886,-0.06845244
2016-07-15,121.68,-0.19,-0.001559038,3286,399.2952,-3.1117,4.2,91.33965,98.6497,0.33217,0.233455,-0.074101087
2016-07-14,121.87,0,0,21374,2605.316,-3.1537,-0.25,91.33965,98.6511,0.33425,0.235364,-0.074114227
2016-07-13,121.87,4.06,0.03446227,71191,8569.8667,-3.1512,-97.14,91.474968,98.5792,0.332277,0.236265,-0.072066237
2016-07-12,117.81,0.28,0.00238237,4581,540.4566,-2.1798,-7.01,89.174562,98.5304,0.321116,0.195672,-0.094953821
2016-07-11,117.53,-0.27,-0.00229202,573,67.4346,-2.1097,6.07,88.227336,98.5062,0.332127,0.193123,-0.104347381
2016-07-08,117.8,-0.2,-0.001694915,3336,392.2132,-2.1704,4.69,88.63329,98.4391,0.329072,0.196679,-0.099612959
2016-07-07,118,-0.04,-0.000338868,32837,3844.101,-2.2173,0.79,88.768608,98.3763,0.329299,0.199476,-0.097662669
2016-07-06,118.04,0.4,0.003400204,28626,3375.4704,-2.2252,-9.88,90.257106,98.3215,0.30782,0.200551,-0.082020657
2016-07-05,117.64,0.9,0.00770944,13754,1612.3601,-2.1264,-22.14,89.98647,98.2441,0.307307,0.197426,-0.084052172
2016-07-04,116.74,0.83,0.007160728,6352,739.2444,-1.905,-20.86,86.197566,98.1458,0.35433,0.189455,-0.121739636
2016-07-01,115.91,0.23,0.001988243,4758,551.7065,-1.6964,-5.82,84.844386,98.1853,0.366148,0.180523,-0.135874861
2016-06-30,115.68,-0.01,-8.64379E-05,2232,258.0948,-1.6382,0.12,84.032478,98.1234,0.37661,0.178924,-0.143604094
2016-06-29,115.69,0.09,0.000778547,3072,355.1228,-1.6394,-2.36,83.89716,98.0685,0.378949,0.179686,-0.144504505
2016-06-28,115.6,0.01,8.65127E-05,2882,332.7589,-1.6158,-0.37,83.22057,97.9823,0.389079,0.179805,-0.150657108
2016-06-27,115.59,-0.01,-8.65052E-05,2473,285.8441,-1.6121,-0.14,83.491206,97.7864,0.384457,0.182066,-0.146187957
2016-06-24,115.6,-0.2,-0.001727116,2442,281.8431,-1.6107,4.8,82.408662,97.8033,0.402765,0.181964,-0.157404075
2016-06-23,115.8,0.95,0.008271659,26065,3022.6281,-1.6587,-23.59,82.679298,97.8107,0.400592,0.18392,-0.154700887
2016-06-22,114.85,0.08,0.000697046,1177,135.1667,-1.4228,-2.1,80.108256,97.8515,0.433684,0.173717,-0.181328278
2016-06-21,114.77,-0.18,-0.001565898,2593,298.1454,-1.4018,4.35,79.431666,97.8336,0.444889,0.173114,-0.188094213
2016-06-20,114.95,-0.18,-0.00156345,4277,490.5815,-1.4453,4.1,79.972938,97.8252,0.437362,0.175055,-0.182491444
2016-06-17,115.13,-0.17,-0.001474415,7782,897.4675,-1.4863,4.07,80.108256,97.7713,0.437179,0.177544,-0.180656737
2016-06-16,115.3,-0.24,-0.002077203,2278,262.8105,-1.527,5.77,79.431666,97.7272,0.451562,0.179815,-0.187210255
2016-06-15,115.54,-0.01,-8.65426E-05,3866,447.0367,-1.5847,0.12,79.566984,97.617,0.45211,0.183605,-0.184906481
2016-06-14,115.55,-0.19,-0.001641611,1198,138.3677,-1.5859,4.52,78.213804,97.5021,0.477361,0.185103,-0.197824416
2016-06-13,115.74,-0.82,-0.007035003,1457,169.0099,-1.6311,19.21,79.566984,97.5674,0.454623,0.186257,-0.184492115
2016-06-08,116.56,-0.17,-0.001456352,1324,154.2609,-1.8232,3.95,83.22057,97.4491,0.400615,0.196112,-0.146009866
2016-06-07,116.73,-1.2,-0.010175528,3156,369.7188,-1.8627,28.48,82.949934,97.3806,0.407235,0.198699,-0.148188304
2016-06-06,117.93,-0.09,-0.000762583,1090,128.5541,-2.1475,1.63,84.167796,97.3155,0.40113,0.211832,-0.135103904
2016-06-03,118.02,0.01,8.47386E-05,2509,295.5286,-2.1638,-0.41,84.303114,97.2902,0.399949,0.213072,-0.133488121
2016-06-02,118.01,0.1,0.000848104,3013,355.4292,-2.1597,-2.52,84.032478,97.2814,0.404338,0.213079,-0.136191728
2016-06-01,117.91,0.01,8.48176E-05,8129,959.212,-2.1345,-0.4,83.89716,97.221,0.40541,0.212804,-0.137046934
2016-05-31,117.9,0.84,0.007175807,11761,1382.4682,-2.1305,-20.06,83.491206,97.4043,0.412125,0.210419,-0.142838602
2016-05-30,117.06,-0.19,-0.001620469,1940,227.231,-1.9299,4.06,80.378892,97.416,0.456352,0.201651,-0.174890244
2016-05-27,117.25,-0.72,-0.006103247,9508,1113.8357,-1.9705,16.83,83.491206,97.2776,0.40434,0.205313,-0.141722185
2016-05-26,117.97,-0.37,-0.003126584,10178,1201.7426,-2.1388,8.5,88.63329,97.1755,0.33099,0.213989,-0.087904976
2016-05-25,118.34,-0.69,-0.005796858,2661,316.6301,-2.2238,15.88,90.048054,97.1928,0.314187,0.21758,-0.073511063
2016-05-24,119.03,-0.5,-0.00418305,6499,773.6996,-2.3826,11.37,91.961934,97.0944,0.29434,0.22592,-0.052860577
2016-05-23,119.53,0.17,0.001424263,6589,786.4844,-2.4963,-4.48,92.82318,97.0758,0.287717,0.231306,-0.04380721
2016-05-20,119.36,0.29,0.002435542,1975,235.4832,-2.4515,-6.87,92.727486,97.1723,0.287213,0.228334,-0.045741575
2016-05-19,119.07,-0.43,-0.003598326,2774,332.1777,-2.3828,9.71,92.871027,97.2068,0.282101,0.224914,-0.044603598
2016-05-18,119.5,-1.01,-0.008381047,4939,591.7701,-2.4799,22.86,90.9093,97.1543,0.314497,0.230002,-0.064279193
2016-05-17,120.51,0.27,0.002245509,19100,2298.5887,-2.7085,-6.34,94.019355,97.1188,0.281757,0.240851,-0.031913955
2016-05-16,120.24,0.2,0.001666111,5142,617.0673,-2.6451,-5.14,89.617431,97.1387,0.341704,0.237818,-0.077428141
2016-05-13,120.04,-0.2,-0.00166334,2869,345.2379,-2.5937,4.34,89.186808,97.0659,0.345939,0.236686,-0.081172605
2016-05-12,120.24,-0.14,-0.001162984,16625,1995.0051,-2.6371,2.97,89.808819,97.0221,0.338844,0.239305,-0.074346783
2016-05-11,120.38,0.27,0.002247939,6747,811.9039,-2.6668,-6.31,88.99542,96.9403,0.352654,0.241795,-0.081956421
2016-05-10,120.11,-1.33,-0.01095191,20207,2433.3109,-2.6037,29.72,89.138961,96.8954,0.347446,0.239584,-0.08004961
2016-05-09,121.44,-2.83,-0.022772994,33053,4032.3853,-2.9009,61.49,89.426043,96.8414,0.357994,0.254009,-0.076572179
2016-05-06,124.27,-0.73,-0.00584,10488,1309.1358,-3.5158,15.46,93.540885,96.6486,0.32851,0.285792,-0.032154785
2016-05-05,125,1.25,0.01010101,10312,1282.2136,-3.6704,-27.25,97.751421,96.5513,0.278754,0.294649,0.012429879
2016-05-04,123.75,-0.01,-8.08016E-05,4086,505.9526,-3.3979,-0.04,96.17247,96.5779,0.28675,0.281349,-0.004197958
2016-05-03,123.76,0.39,0.003161222,7499,927.6711,-3.3975,-9.47,94.880601,96.5617,0.304376,0.281668,-0.017409584
2016-04-29,123.37,-0.04,-0.000324123,5601,690.8586,-3.3028,0.63,92.775333,96.3471,0.329772,0.280474,-0.037071868
2016-04-28,123.41,0.02,0.000162088,9770,1204.3455,-3.3091,-0.69,94.832754,96.4212,0.301343,0.279905,-0.016474033
2016-04-27,123.39,0.66,0.005377658,21943,2709.2987,-3.3022,-14.6,97.081563,96.2305,0.270993,0.282234,0.008844005
2016-04-26,122.73,0.01,8.14863E-05,19587,2405.7293,-3.1562,-0.45,98.421279,96.479,0.246986,0.27209,0.020131624
2016-04-25,122.72,-2.42,-0.019338341,27605,3406.6263,-3.1517,51.31,96.985869,96.6973,0.265339,0.269115,0.002984251
2016-04-22,125.14,-0.16,-0.001276935,17955,2250.7735,-3.6648,3.12,100.4787,96.7729,0.245438,0.293131,0.038293779
2016-04-21,125.3,-0.83,-0.006580512,35348,4437.0533,-3.696,17.22,98.851902,96.8194,0.267553,0.294162,0.020992714
2016-04-20,126.13,-3.54,-0.027300069,225997,28576.3378,-3.8682,72.62,105.167706,97.0071,0.199323,0.300214,0.084123801
2016-04-19,129.67,4.36,0.034793712,275122,35777.3568,-4.5944,-90.45,95.598306,97.0498,0.356405,0.336118,-0.014956177
2016-04-18,125.31,-0.99,-0.00783848,16636,2093.7959,-3.6899,19.95,86.890152,97.101,0.442165,0.290512,-0.105156981
2016-04-15,126.3,0.55,0.004373757,29140,3655.6669,-3.8894,-11.79,87.894939,97.075,0.436943,0.301056,-0.094566686
2016-04-14,125.75,-0.55,-0.004354711,15932,2006.1953,-3.7715,11.22,85.550436,97.2462,0.469894,0.29311,-0.120269625
2016-04-13,126.3,1.31,0.010480838,49719,6289.9465,-3.8837,-27.75,85.359048,97.692,0.479633,0.292839,-0.126243213
2016-04-12,124.99,-0.48,-0.003825616,23493,2943.0895,-3.6062,9.83,84.402108,97.7453,0.480887,0.278732,-0.136509807
2016-04-11,125.47,1.05,0.008439158,14016,1762.1896,-3.7045,-22.92,83.205933,97.858,0.507946,0.282164,-0.14972784
2016-04-08,124.42,-1.3,-0.010340439,12377,1544.2018,-3.4753,27.06,82.105452,97.7258,0.515367,0.273154,-0.159838528
2016-04-07,125.72,-0.74,-0.005851653,9016,1137.0705,-3.7459,15.1,82.29684,97.7703,0.527641,0.285871,-0.158263399
2016-04-06,126.46,-0.67,-0.005270196,29281,3721.7387,-3.8969,13.53,84.162873,97.7906,0.502562,0.293171,-0.139356206
2016-04-05,127.13,3.13,0.025241935,33485,4193.2769,-4.0322,-66.33,84.593496,97.8534,0.502834,0.299188,-0.135507852
2016-04-01,124,1.03,0.008376027,26374,3255.6343,-3.3689,-22.14,82.871004,97.7994,0.496301,0.267901,-0.152643022
2016-03-31,122.97,-0.05,-0.000406438,23616,2906.7494,-3.1475,0.84,82.29684,97.9836,0.494226,0.255006,-0.160095771
2016-03-30,123.02,-0.13,-0.001055623,79810,9791.2156,-3.1559,2.54,82.105452,97.955,0.498316,0.255883,-0.16180438
2016-03-29,123.15,-1.42,-0.011399213,24378,3009.0942,-3.1813,29.76,79.856643,97.9727,0.542139,0.256983,-0.184909235
2016-03-28,124.57,-2.13,-0.016811365,50293,6321.3586,-3.4789,43.33,82.344687,98.1979,0.512787,0.268561,-0.161441467
2016-03-25,126.7,0.09,0.000710844,40176,5093.6731,-3.9122,-2.12,84.641343,98.1494,0.496905,0.290889,-0.137627505
2016-03-24,126.61,-1.56,-0.012171335,57764,7349.7171,-3.891,31.39,83.540862,98.0966,0.515545,0.290667,-0.148381677
2016-03-23,128.17,-0.05,-0.000389955,16788,2152.9424,-4.2049,0.71,85.454742,98.0046,0.499859,0.307796,-0.128053765
2016-03-22,128.22,-2.17,-0.016642381,35988,4645.6314,-4.212,42.87,85.550436,98.0887,0.498766,0.307184,-0.127825774
2016-03-21,130.39,-1,-0.007610929,33583,4423.472,-4.6407,18.54,87.225081,98.0335,0.494868,0.330056,-0.110252302
2016-03-18,131.39,3.41,0.026644788,57153,7469.7023,-4.8261,-67.75,86.363835,98.1239,0.521355,0.339021,-0.11984914
2016-03-17,127.98,1.87,0.014828324,32700,4156.6719,-4.1486,-38.21,84.593496,98.2905,0.512882,0.302059,-0.139352267
2016-03-16,126.11,0.16,0.001270345,33723,4254.1683,-3.7665,-3.55,83.588709,98.2786,0.508697,0.283189,-0.14947192
2016-03-15,125.95,-0.32,-0.002534252,16399,2065.7682,-3.731,6.27,81.626982,98.391,0.542994,0.280097,-0.17038162
2016-03-14,126.27,1.6,0.012833881,55502,7018.9569,-3.7937,-33.66,81.579135,98.3402,0.547823,0.284012,-0.170439607
2016-03-11,124.67,-0.99,-0.007878402,28213,3540.3098,-3.4571,20.12,79.234632,98.2364,0.573429,0.269082,-0.193428994
2016-03-10,125.66,-1.51,-0.01187387,30385,3852.4879,-3.6583,30.4,80.526501,98.2366,0.56048,0.279157,-0.180280048
2016-03-09,127.17,-0.53,-0.004150352,23212,2954.0762,-3.9623,10.36,84.449955,98.1569,0.505861,0.295579,-0.139643214
2016-03-08,127.7,-1.13,-0.008771249,51984,6620.9037,-4.0659,22.2,86.650917,98.2085,0.47373,0.300295,-0.117684141
2016-03-07,128.83,1.89,0.014888924,51569,6679.7654,-4.2879,-38.6,87.990633,98.2992,0.464134,0.310591,-0.104869287
2016-03-04,126.94,0.07,0.000551746,101469,12973.3665,-3.9019,-1.68,88.325562,98.3036,0.437182,0.291306,-0.101502264
2016-03-03,126.87,-0.75,-0.005876822,211635,27703.0082,-3.8851,14.75,90.574371,98.422,0.400727,0.289041,-0.0797345
2016-03-02,127.62,6.06,0.049851925,146142,18325.7446,-4.0326,-124.97,83.062392,98.4839,0.536435,0.295846,-0.156589128
2016-03-01,121.56,0.28,0.002308707,56842,6971.0648,-2.7829,-6.15,75.502566,98.4465,0.610011,0.234782,-0.233059926
2016-02-29,121.28,0.46,0.003807317,19462,2343.78,-2.7214,-10.37,74.019309,98.3662,0.638492,0.232944,-0.247512774
2016-02-26,120.82,-3.23,-0.026037888,44648,5471.4292,-2.6177,67.51,76.411659,98.3223,0.581171,0.228816,-0.222845082
2016-02-25,124.05,-3.41,-0.026753491,9544,1197.6483,-3.2928,68.79,75.024096,98.3463,0.653469,0.261359,-0.237143685
2016-02-24,127.46,-2.05,-0.015828894,11102,1420.7309,-3.9807,40.07,82.583922,98.2753,0.5434,0.296969,-0.159667567
2016-02-23,129.51,-3.77,-0.028286315,13846,1806.9876,-4.3814,71.77,82.344687,98.331,0.572779,0.317082,-0.162576532
2016-02-22,133.28,3.06,0.023498695,39056,5204.309,-5.0991,-59.25,84.115026,98.2753,0.584497,0.35619,-0.144087823
2016-02-19,130.22,-1.35,-0.010260698,14311,1873.6336,-4.5066,25.54,82.29684,98.2094,0.582322,0.325942,-0.162026853
2016-02-18,131.57,2.35,0.018186039,28408,3745.9853,-4.762,-45.54,82.488228,98.1857,0.595016,0.340012,-0.159875338
2016-02-17,129.22,1.5,0.011744441,19640,2531.155,-4.3066,-29.69,83.25378,98.1642,0.552121,0.316366,-0.151892645
2016-02-16,127.72,3.92,0.031663974,56311,7160.9252,-4.0097,-79.14,83.110239,98.1997,0.536755,0.300615,-0.153660968
2016-02-15,123.8,-0.1,-0.000807103,5693,702.6473,-3.2183,-0.23,79.378173,98.1831,0.559622,0.260909,-0.191529163
2016-02-05,123.9,-1.25,-0.009988014,12790,1590.2304,-3.216,25.05,81.3399,98.0215,0.523238,0.264008,-0.170183072
2016-02-04,125.15,-0.4,-0.003185982,17081,2147.7852,-3.4665,7.77,83.110239,97.8908,0.505832,0.278465,-0.150990297
2016-02-03,125.55,0.66,0.00528465,67941,8533.961,-3.5442,-13.48,83.205933,97.7945,0.508907,0.283815,-0.149175741
2016-02-02,124.89,1.56,0.012648991,44370,5528.0677,-3.4094,-31.84,81.196359,97.7691,0.538122,0.277397,-0.169508986
2016-02-01,123.33,0.65,0.005298337,29545,3650.7555,-3.091,-13.94,77.799222,97.8328,0.585235,0.26062,-0.204773634
2016-01-29,122.68,4.15,0.035012233,38811,4727.158,-2.9516,-87.15,78.421233,97.8986,0.564373,0.253133,-0.1989545
2016-01-28,118.53,0.08,0.00067539,62418,7467.3048,-2.0801,-1.86,75.885342,97.7785,0.561963,0.21223,-0.223905644
2016-01-27,118.45,1.56,0.013345881,49838,5845.8216,-2.0615,-33.82,75.646107,98.0002,0.565844,0.208671,-0.228102524
2016-01-26,116.89,-3.68,-0.030521689,46368,5555.5923,-1.7233,78.36,76.507353,98.1636,0.527826,0.190767,-0.220613822
2016-01-25,120.57,2.59,0.021952873,42892,5161.5004,-2.5069,-55.32,81.244206,98.2758,0.484044,0.226853,-0.173304048
2016-01-22,117.98,0.4,0.003401939,39134,4613.4917,-1.9537,-8.73,80.909277,98.2039,0.458176,0.201378,-0.17610933
2016-01-21,117.58,-0.69,-0.005834108,25291,2996.3283,-1.8664,14.66,76.363812,98.0815,0.539735,0.198799,-0.221424917
2016-01-20,118.27,-2.36,-0.019563956,29579,3516.0688,-2.013,49.59,76.172424,98.108,0.552662,0.205508,-0.223586007
2016-01-19,120.63,-5.73,-0.045346629,122989,14874.2088,-2.5089,115.55,77.894916,98.0863,0.548625,0.229835,-0.205853254
2016-01-18,126.36,-4.08,-0.031278749,38348,4977.4638,-3.6644,77.51,74.449932,97.9964,0.697249,0.289435,-0.240278908
2016-01-15,130.44,-2.72,-0.020426555,17541,2301.0805,-4.4395,50.15,74.019309,97.9519,0.762243,0.331674,-0.244330033
2016-01-14,133.16,4.52,0.035136816,42889,5616.0869,-4.941,-84.86,78.229845,97.9795,0.702165,0.35906,-0.201569257
2016-01-13,128.64,-0.71,-0.005488983,8216,1065.0849,-4.0924,13.24,75.406872,97.9324,0.705945,0.313559,-0.230010987
2016-01-12,129.35,1.87,0.014668968,25251,3250.2025,-4.2248,-36.06,78.756162,97.8858,0.64241,0.321438,-0.195428121
2016-01-11,127.48,-2.13,-0.016433917,22221,2859.1129,-3.8642,39.81,75.789648,97.6511,0.682025,0.305464,-0.223873075
2016-01-08,129.61,-0.03,-0.00023141,23789,3109.0599,-4.2623,0.27,82.918851,97.6298,0.563094,0.327566,-0.150680929
2016-01-07,129.64,-3.53,-0.026507472,1304,170.4316,-4.265,65.09,82.823157,97.5587,0.565262,0.328841,-0.151042839
2016-01-06,133.17,1.04,0.007871036,15105,2008.6566,-4.9159,-19.36,92.009781,97.4393,0.447346,0.366697,-0.055722065
2016-01-05,132.13,-0.95,-0.007138563,45482,6016.4217,-4.7223,17.05,90.143748,97.4636,0.465771,0.355686,-0.075103444
2016-01-04,133.08,-4.91,-0.035582289,7060,964.072,-4.8928,85.78,91.483464,97.7414,0.454689,0.361552,-0.064025439
2015-12-31,137.99,-2.17,-0.015482306,30473,4221.1211,-5.7506,36.85,101.627028,97.5797,0.357808,0.414126,0.041477151
2015-12-30,140.16,-2.43,-0.017041868,40975,5778.6204,-6.1191,40.41,103.205979,97.7015,0.358061,0.434574,0.056339759
2015-12-29,142.59,-1.8,-0.012466237,19958,2858.2006,-6.5232,29.22,102.105498,97.7014,0.396497,0.459447,0.045077123
2015-12-28,144.39,-0.28,-0.001935439,9950,1438.4775,-6.8154,3.2,100.813629,97.5391,0.432247,0.480329,0.03357145
2015-12-25,144.67,-0.27,-0.00186284,12406,1797.4959,-6.8474,-5.84,106.363881,97.2872,0.360142,0.48704,0.093297793
2015-12-24,144.94,-1.71,-0.011660416,20317,2942.1846,-6.789,27.22,105.406941,97.7644,0.375052,0.482544,0.078173047
2015-12-23,146.65,-0.43,-0.002923579,28494,4188.563,-7.0612,6.41,109.09116,97.6669,0.344288,0.501532,0.116971666
2015-12-22,147.08,0.24,0.001634432,19165,2815.3732,-7.1253,-4.31,108.421302,97.5034,0.35656,0.50846,0.111974577
2015-12-21,146.84,2.45,0.016967934,62954,9208.2033,-7.0822,-41,107.847138,97.4273,0.361557,0.507175,0.10694988
2015-12-18,144.39,-1.74,-0.011907206,37062,5397.5719,-6.6722,27.73,104.019378,97.3296,0.388106,0.483516,0.068733232
2015-12-17,146.13,1.87,0.012962706,97004,14236.1253,-6.9495,-30.74,104.258613,97.3149,0.401611,0.50162,0.07135303
2015-12-16,144.26,-0.22,-0.001522702,15456,2240.1931,-6.6421,3.14,99.808842,97.2423,0.445364,0.483511,0.026393267
2015-12-15,144.48,0.41,0.002845839,31201,4521.0506,-6.6735,-7.13,100.861476,97.0816,0.432459,0.488233,0.03893504
2015-12-14,144.07,0.04,0.00027772,35482,5113.6636,-6.6022,-1.97,99.091137,97.0517,0.453915,0.484467,0.021013924
2015-12-11,144.03,-1.01,-0.006963596,30406,4384.1185,-6.5825,15.95,96.746634,96.9281,0.488734,0.485947,-0.001872171
2015-12-10,145.04,-0.86,-0.005894448,37910,5528.0898,-6.742,13.39,97.894962,97.0868,0.481587,0.493921,0.008324118
2015-12-09,145.9,-0.16,-0.00109544,59649,8715.8644,-6.8759,2.1,102.440427,96.9997,0.424243,0.504128,0.056090143
2015-12-08,146.06,-1.62,-0.010969664,56868,8322.251,-6.8969,25.25,100.00023,96.9987,0.460597,0.505793,0.030944023
2015-12-07,147.68,-2.28,-0.015204054,68842,10249.0526,-7.1494,34.1,104.737083,97.0562,0.410007,0.521593,0.079138509
2015-12-04,149.96,-1.68,-0.011078871,95325,14426.8665,-7.4904,25.23,107.368668,97.0261,0.396683,0.545564,0.10659573
2015-12-03,151.64,0.45,0.002976387,148448,22590.5078,-7.7427,-7.36,107.847138,97.0184,0.406065,0.563002,0.111615302
2015-12-02,151.19,1.3,0.008673027,247252,37378.0334,-7.6691,-20.42,107.751444,96.8789,0.403137,0.560608,0.112228194
2015-12-01,149.89,4.58,0.031518822,217159,32253.2325,-7.4649,-72.41,101.91411,96.7421,0.470748,0.549377,0.053461833
2015-11-30,145.31,0.87,0.006023262,83158,12040.9598,-6.7408,-15.29,95.359071,96.6431,0.523819,0.503573,-0.013286298
2015-11-27,144.44,-2.88,-0.01954928,54371,7929.6792,-6.5879,45.34,93.205956,96.511,0.549686,0.496617,-0.034245257
2015-11-26,147.32,-0.98,-0.006608227,96476,14316.9231,-7.0413,14.85,102.249039,96.4625,0.440796,0.527226,0.059987446
2015-11-25,148.3,-1.53,-0.010211573,104495,15524.8091,-7.1898,23.16,101.627028,96.704,0.459258,0.533546,0.050908215
2015-11-24,149.83,-0.53,-0.003524874,95799,14289.0435,-7.4214,7.63,101.866263,96.8537,0.47085,0.546972,0.051753965
2015-11-23,150.36,-0.15,-0.000996612,88804,13366.6546,-7.4977,0.82,103.971531,96.798,0.446166,0.553338,0.074108256
2015-11-20,150.51,0.8,0.005343664,235832,35401.6321,-7.5059,-12.7,102.201192,96.876,0.472683,0.553636,0.054969156
2015-11-19,149.71,5.49,0.038066842,252068,36889.8238,-7.3789,-86.51,101.627028,96.7641,0.473132,0.547165,0.050255498
2015-11-18,144.22,-3.44,-0.023296763,507321,73324.7457,-6.5138,53.91,102.727509,97.1197,0.403908,0.484972,0.05774121
2015-11-17,147.66,-7.21,-0.046555175,307515,46846.8327,-7.0529,108.37,97.368645,97.0508,0.516505,0.521471,0.003275037
2015-11-16,154.87,-1.43,-0.009149072,230407,35560.2441,-8.1366,19.21,97.416492,97.0707,0.589772,0.595435,0.00356227
2015-11-13,156.3,-5.15,-0.031898421,177874,28266.4228,-8.3287,72.36,95.598306,97.1113,0.634966,0.609493,-0.015579999
2015-11-12,161.45,-1.65,-0.010116493,182299,29498.5748,-9.0523,22.15,99.52176,97.4602,0.622258,0.656574,0.02115284
2015-11-11,163.1,1.17,0.007225344,280697,45777.3598,-9.2738,-16.67,102.057651,97.4503,0.598116,0.673674,0.047278982
2015-11-10,161.93,-0.26,-0.001603058,249752,40496.0089,-9.1071,3,96.794481,97.3973,0.672926,0.662572,-0.006189278
2015-11-09,162.19,-5.15,-0.030775666,396668,65887.6611,-9.1371,67.63,97.751421,97.871,0.659209,0.657181,-0.001221802
2015-11-06,167.34,6.47,0.04021881,338892,55480.3722,-9.8134,-88.19,96.65094,98.3646,0.731386,0.701222,-0.017421511
2015-11-05,160.87,-0.92,-0.005686384,408791,67704.5774,-8.9315,12.14,92.583945,98.4486,0.737559,0.634051,-0.05957073
2015-11-04,161.79,9.43,0.061892885,286950,45032.2152,-9.0529,-135.28,90.048054,98.5406,0.796706,0.641861,-0.086183218
2015-11-03,152.36,1.27,0.008405586,172931,26285.7777,-7.7001,-19.43,84.832731,98.6355,0.796006,0.544677,-0.139937132
2015-11-02,151.09,-6.31,-0.040088945,223325,34924.4205,-7.5058,90.52,86.555223,98.6979,0.745591,0.530833,-0.123028727
2015-10-30,157.4,1.25,0.008005123,166664,26069.3463,-8.411,-18.37,90.095901,98.7807,0.747027,0.593429,-0.087919999
2015-10-29,156.15,-0.27,-0.001726122,230064,36224.7033,-8.2273,3.34,90.43083,98.5973,0.726735,0.583715,-0.082826507
2015-10-28,156.42,-2.84,-0.017832475,282364,44462.8923,-8.2607,39.6,88.708338,98.4222,0.763307,0.589276,-0.098695843
2015-10-27,159.26,0.74,0.004668181,371320,57594.4454,-8.6567,-10.91,92.296863,98.2171,0.725518,0.62151,-0.06027705
2015-10-26,158.52,-2.74,-0.016991194,235827,38088.769,-8.5476,36.37,93.30165,98.0374,0.699004,0.616934,-0.048305545
2015-10-23,161.26,3.05,0.019278175,287329,46087.6251,-8.9113,-42.9,92.440404,97.9026,0.744475,0.647147,-0.055792144
2015-10-22,158.21,4.13,0.026804258,234623,36885.6504,-8.4823,-59.48,87.799245,97.858,0.801953,0.61673,-0.102789297
2015-10-21,154.08,-5.65,-0.035372191,240858,37858.3789,-7.8875,79.6,85.215507,97.8417,0.808122,0.574789,-0.129047155
2015-10-20,159.73,2.85,0.018166752,231201,36640.9855,-8.6835,-40.48,94.689213,97.8076,0.686887,0.633104,-0.03188287
2015-10-19,156.88,-1.55,-0.009783501,294834,46831.8649,-8.2787,20.21,96.603093,97.8038,0.623964,0.604028,-0.012276691
2015-10-16,158.43,4.52,0.029367812,415084,65302.8018,-8.4808,-64.8,95.885388,97.9384,0.652285,0.617649,-0.020962278
2015-10-15,153.91,5.65,0.038108728,319213,48074.1858,-7.8328,-84.19,93.636579,97.8104,0.643695,0.573555,-0.042672569
2015-10-14,148.26,-0.97,-0.006500034,352364,52933.5277,-6.9909,14.2,91.004994,97.8044,0.629141,0.515883,-0.069520451
2015-10-13,149.23,4.55,0.031448714,497571,73243.8494,-7.1329,-70.14,94.019355,97.6785,0.587226,0.527767,-0.03746111
2015-10-12,144.68,10.21,0.075927716,401442,58315.7614,-6.4315,-167.78,88.469103,97.5943,0.635373,0.482464,-0.093501332
2015-10-09,134.47,1.4,0.010520779,174291,23329.0074,-4.7537,-24.35,84.354261,97.8493,0.59411,0.374256,-0.137916561
2015-10-08,133.07,2.55,0.019537236,180916,24163.7927,-4.5102,-46.73,80.38296,97.8544,0.65545,0.359878,-0.178545267
2015-09-30,130.52,0.12,0.000920245,33602,4390.4976,-4.0429,-2.38,73.445145,97.9731,0.77711,0.332202,-0.250353975
2015-09-29,130.4,-1.47,-0.011147342,42004,5473.0608,-4.0191,25.47,72.631746,97.8724,0.795359,0.332347,-0.257893482
2015-09-28,131.87,0.42,0.003195131,48416,6365.6689,-4.2738,-8.12,75.933189,97.8887,0.736658,0.347142,-0.224290557
2015-09-25,131.45,-0.94,-0.007100234,75357,9930.2303,-4.1926,16.02,74.976249,97.7097,0.753223,0.345312,-0.232663195
2015-09-24,132.39,0.38,0.00287857,101592,13492.574,-4.3528,-6.84,74.880555,97.5985,0.768015,0.356476,-0.232769407
2015-09-23,132.01,-4.07,-0.029908877,105348,14163.3881,-4.2844,68.79,73.349451,97.584,0.79974,0.352783,-0.248345518
2015-09-22,136.08,2.98,0.022389181,199713,26891.8374,-4.9723,-50.59,76.315965,97.4959,0.783112,0.395751,-0.217239238
2015-09-21,133.1,3.74,0.028911565,171483,22487.1576,-4.4664,-65.86,75.359025,97.769,0.766212,0.361372,-0.229213503
2015-09-18,129.36,1.12,0.008733624,150734,19533.1977,-3.8078,-20.15,73.20591,97.8822,0.767071,0.321589,-0.252101914
2015-09-17,128.24,-1.9,-0.014599662,277117,36120.6017,-3.6063,33.4,72.583899,97.7826,0.766783,0.311481,-0.257701278
2015-09-16,130.14,5.35,0.042872025,265704,33727.3588,-3.9403,-96.51,76.890129,97.8203,0.692546,0.330399,-0.213965516
2015-09-15,124.79,-0.85,-0.006765361,134089,16838.7143,-2.9752,15.43,70.526478,97.856,0.769406,0.275241,-0.279283049
2015-09-14,125.64,-3.51,-0.0271777,163800,20958.791,-3.1295,62.43,77.847069,98.0198,0.613933,0.281782,-0.205802613
2015-09-11,129.15,0.48,0.003730473,241229,31194.5307,-3.7538,-8.72,82.392534,97.8458,0.567497,0.319934,-0.157934893
2015-09-10,128.67,-6.12,-0.045403962,247063,32964.9791,-3.6666,105.05,81.435594,97.7481,0.580022,0.316343,-0.166883101
2015-09-09,134.79,3.56,0.027127943,328937,44145.2278,-4.7171,-60.76,85.071966,97.805,0.584423,0.37815,-0.130187966
2015-09-08,131.23,4.06,0.031925769,218424,28200.0947,-4.1095,-71.72,80.717889,97.7056,0.625786,0.343116,-0.173866298
2015-09-07,127.17,1.32,0.010488677,177491,22877.2988,-3.3923,-24.85,77.368599,97.5511,0.64369,0.303624,-0.206891578
2015-09-02,125.85,-3.62,-0.027960145,268851,34801.4019,-3.1438,64.23,77.177211,97.4556,0.630663,0.291357,-0.208078233
2015-09-01,129.47,-1.46,-0.011150997,276837,36301.8411,-3.7861,25.1,84.880578,97.4102,0.525319,0.329122,-0.128627413
2015-08-31,130.93,-3.94,-0.029213317,313766,41482.6666,-4.0371,65.78,93.971508,97.4681,0.393295,0.343311,-0.035874219
2015-08-28,134.87,5.36,0.041386766,501098,66978.0353,-4.6949,-91.37,98.995443,97.5064,0.362387,0.383191,0.015271233
2015-08-27,129.51,7.06,0.057656186,519836,66248.3951,-3.7812,-127.55,90.382983,97.6997,0.432902,0.325593,-0.074889861
2015-08-26,122.45,0.87,0.007155782,810852,102891.869,-2.5057,-16.47,85.981059,97.7226,0.42415,0.253037,-0.120151746
2015-08-25,121.58,-3.45,-0.027593378,422443,53069.0698,-2.341,63.65,89.617431,97.4812,0.356656,0.247215,-0.080669596
2015-08-24,125.03,-11.04,-0.08113471,146260,18826.0509,-2.9775,189.39,99.569607,97.517,0.255705,0.282135,0.021048709
2015-08-21,136.07,-4.64,-0.032975624,161476,22422.4908,-4.8714,73.85,110.622264,97.5948,0.230041,0.394234,0.133485227
2015-08-20,140.71,-2.31,-0.016151587,410377,58376.1758,-5.6099,35.42,121.722768,97.4669,0.155987,0.44367,0.248862619
2015-08-19,143.02,2.84,0.020259666,527800,75963.0837,-5.9641,-44.43,124.306506,97.3979,0.150543,0.468409,0.276275012
2015-08-18,140.18,-12.74,-0.083311535,310773,45065.5485,-5.5198,189.08,115.646199,97.1984,0.212145,0.442205,0.189795295
2015-08-17,152.92,-2.44,-0.015705458,320842,49250.5115,-7.4106,32.63,128.517042,97.0785,0.189881,0.57522,0.323846598
2015-08-14,155.36,-0.76,-0.00486805,354693,56272.8307,-7.7369,9.97,121.818462,97.0028,0.27534,0.601603,0.255824182
2015-08-13,156.12,0,0,0,0,-7.8366,-0.48,117.799314,96.9756,0.325305,0.609889,0.214731479
2015-08-12,156.12,0,0,0,0,-7.8318,-0.48,117.799314,96.8597,0.325305,0.611816,0.216184997
2015-08-11,156.12,0,0,0,0,-7.827,-0.47,117.799314,96.9001,0.325305,0.611144,0.21567794
2015-08-10,156.12,9.91,0.067779222,385665,59814.3578,-7.8223,-142.33,117.799314,96.8826,0.325305,0.611435,0.21589753
2015-08-07,146.21,5.26,0.037318198,531570,77596.2222,-6.399,-80.03,108.086373,96.7904,0.352714,0.510584,0.11670551
2015-08-06,140.95,-1.84,-0.012886056,343108,48858.0154,-5.5987,27.91,102.153345,96.8227,0.379789,0.455754,0.055055736
2015-08-05,142.79,-1.25,-0.008678145,291004,42005.7803,-5.8778,18.57,103.540908,96.9132,0.379069,0.47338,0.068388083
2015-08-04,144.04,10.33,0.07725675,446488,62089.3967,-6.0635,-163.16,107.17728,96.6059,0.343941,0.491006,0.109427892
2015-08-03,133.71,-4.44,-0.032138979,181350,24730.6574,-4.4319,70.87,99.091137,96.7356,0.349364,0.382221,0.02435026
2015-07-31,138.15,-0.51,-0.003678061,356417,49863.5161,-5.1406,7.73,109.330395,96.4438,0.263601,0.43244,0.133617661
2015-07-30,138.66,-4.81,-0.033526173,476273,68510.5317,-5.2179,73.76,112.91892,96.1803,0.227961,0.441667,0.174033768
2015-07-29,143.47,4.62,0.033273317,750111,106715.5432,-5.9555,-71.42,118.66056,96.148,0.209079,0.492179,0.23414486
2015-07-28,138.85,-2.49,-0.017617094,995521,140350.4527,-5.2413,38.31,112.91892,95.9485,0.229644,0.44713,0.176870092
2015-07-27,141.34,-14.72,-0.094322696,301843,46304.0956,-5.6244,210.96,121.148604,95.8278,0.166666,0.474937,0.264232342
2015-07-24,156.06,-6.05,-0.037320338,541384,90151.5999,-7.734,79.55,134.593611,95.6417,0.15949,0.631715,0.40726912
2015-07-23,162.11,8.84,0.057675997,580358,91490.8557,-8.5295,-118.67,135.072081,95.5077,0.200174,0.69735,0.414253312
2015-07-22,153.27,-3.18,-0.020325983,370598,57807.4303,-7.3428,42.99,122.775402,95.4571,0.248377,0.605643,0.286184076
2015-07-21,156.45,2.39,0.015513436,479970,75126.5184,-7.7727,-32.99,124.354353,95.3295,0.258098,0.64115,0.304468743
2015-07-20,154.06,5.57,0.037510943,520222,80734.1612,-7.4428,-79.48,123.397413,95.1541,0.248487,0.619058,0.296816564
2015-07-17,148.49,7.84,0.055741202,561860,82668.5297,-6.648,-116.67,123.828036,94.8968,0.199163,0.564752,0.304870512
2015-07-16,140.65,0.07,0.000497937,762566,111132.6267,-5.4813,-1.4,116.842374,94.8492,0.203758,0.48288,0.231875166
2015-07-15,140.58,-14,-0.090567991,442990,66113.7682,-5.4673,201.97,116.316057,94.507,0.208603,0.487509,0.230766578
2015-07-14,154.58,-4.19,-0.026390376,1051850,166497.2338,-7.487,55.7,129.234747,94.4683,0.196118,0.636316,0.368022363
2015-07-13,158.77,-20.03,-0.112024609,1242597,214815.098,-8.044,243.36,125.024211,94.3828,0.269914,0.682192,0.324650371
2015-07-10,178.8,30.23,0.20347311,743919,130896.5788,-10.4776,-385.01,113.636625,94.2223,0.573437,0.89764,0.206048091
2015-07-09,148.57,0,0,0,0,-6.6275,-0.4,103.301673,94.0834,0.438214,0.579131,0.097979803
2015-07-08,148.57,0,0,0,0,-6.6235,-0.4,103.301673,94.1757,0.438214,0.577583,0.096903692
2015-07-07,148.57,-21.86,-0.128263803,157881,24545.1852,-6.6195,285.61,103.301673,94.1551,0.438214,0.577928,0.097143681
2015-07-06,170.43,0.71,0.004183361,326926,57865.4103,-9.4756,-10.23,114.784953,93.9487,0.484776,0.814075,0.221783303
2015-07-03,169.72,-0.78,-0.00457478,193628,34031.7542,-9.3733,8.83,123.110331,93.7354,0.378601,0.810629,0.313381401
2015-07-02,170.5,-4.06,-0.023258478,256331,46261.5692,-9.4616,47.42,136.603185,93.6364,0.248141,0.820873,0.458868399
2015-07-01,174.56,-17.82,-0.092629171,222059,42354.9662,-9.9358,194.72,149.043405,93.713,0.171202,0.862708,0.590424007
2015-06-30,192.38,37.24,0.240041253,176569,29927.3744,-11.883,-438.72,154.306575,93.7146,0.246739,1.052828,0.646558541
2015-06-29,155.14,-2.87,-0.018163407,242844,38361.8329,-7.4958,36.78,140.287404,93.7712,0.105873,0.654453,0.496060667
2015-06-26,158.01,-29.25,-0.156199936,93694,15663.5809,-7.8636,344.9,135.837633,93.6638,0.163227,0.686991,0.450268225
2015-06-25,187.26,-12.05,-0.060458582,71897,14032.6654,-11.3126,122.71,150.909438,93.6445,0.240877,0.99969,0.611514163
2015-06-24,199.31,4.29,0.021997744,79374,15525.4386,-12.5397,-43.54,162.6798,93.4982,0.225167,1.131699,0.739924405
2015-06-23,195.02,7,0.037230082,78465,14480.0542,-12.1043,-75.05,163.445352,93.5372,0.193181,1.084946,0.747383415
2015-06-19,188.02,-10.17,-0.051314395,39840,7718.7291,-11.3538,103.24,154.06734,93.4089,0.220376,1.01287,0.649386086
2015-06-18,198.19,-2.39,-0.011915445,55644,11638.568,-12.3862,22.75,169.186992,93.2324,0.171426,1.125763,0.814680218
2015-06-17,200.58,-5.11,-0.024843211,54660,10721.5814,-12.6137,48.26,175.550643,93.2015,0.142577,1.152111,0.883560275
2015-06-16,205.69,-16.02,-0.072256551,18669,3964.8642,-13.0963,143.55,170.33532,93.175,0.207559,1.207566,0.828122565
2015-06-15,221.71,-10.97,-0.047146295,32220,7328.9553,-14.5318,89.02,183.25401,93.2205,0.209851,1.37834,0.965812348
2015-06-12,232.68,-8.15,-0.033841299,13268,3174.5867,-15.422,63.69,191.435847,93.1508,0.215447,1.497885,1.055117584
2015-06-11,240.83,2.62,0.010998699,17544,4213.7048,-16.0589,-21.34,192.440634,93.1855,0.251451,1.584415,1.065134962
2015-06-10,238.21,-5.48,-0.022487587,9073,2200.5436,-15.8455,41.55,190.143978,93.0697,0.252787,1.55948,1.043027731
2015-06-09,243.69,-0.16,-0.000656141,52358,13139.1251,-16.261,0.32,187.608087,93.0602,0.298931,1.618628,1.015986286
2015-06-08,243.85,-9.89,-0.038976905,21277,5216.4976,-16.2642,70.79,188.660721,93.1171,0.292532,1.618746,1.026058812
2015-06-05,253.74,-4.87,-0.018831445,25499,6710.4932,-16.9721,33.95,195.837771,93.2947,0.295664,1.719769,1.099130722
2015-06-04,258.61,-16.93,-0.061442985,30800,8116.1936,-17.3116,114.3,191.818623,93.212,0.348201,1.774428,1.057874769
2015-06-03,275.54,-6.34,-0.02249184,47247,12890.6039,-18.4546,39.91,195.167913,92.9843,0.41181,1.963296,1.098934046
2015-06-02,281.88,-7.48,-0.025850152,55174,16404.0249,-18.8537,45.81,203.254056,92.9792,0.386835,2.031646,1.186016399
2015-06-01,289.36,51.72,0.217640128,22835,6148.0856,-19.3118,-361.64,188.947803,93.0044,0.531428,2.111251,1.031600688
2015-05-29,237.64,10.17,0.044709192,32443,7641.8943,-15.6954,-82.65,171.914271,92.9638,0.382317,1.556264,0.849260368
2015-05-28,227.47,-8.22,-0.034876321,72668,17320.775,-14.8689,65.58,156.746772,92.9931,0.451194,1.446095,0.68557422
2015-05-27,235.69,17.68,0.081097197,51025,12110.63,-15.5247,-147.35,174.16308,93.0258,0.353272,1.533598,0.872201905
2015-05-26,218.01,19.91,0.100504796,57234,12319.5867,-14.0512,-184.19,162.009942,93.0073,0.345659,1.34401,0.741905657
2015-05-25,198.1,8.98,0.04748308,25875,5118.0428,-12.2093,-92.21,153.780258,93.0693,0.288201,1.128521,0.652319916
2015-05-22,189.12,8.18,0.045208356,26176,5017.1102,-11.2872,-87.4,149.952498,93.1481,0.261199,1.030315,0.609828842
2015-05-21,180.94,3.94,0.022259887,8964,1616.8988,-10.4132,-44.09,141.292191,93.0165,0.280609,0.945246,0.519001371
2015-05-20,177,1.96,0.011197441,12207,2152.9679,-9.9723,-22.64,137.847207,93.0008,0.28403,0.903209,0.482215282
2015-05-19,175.04,3.03,0.017615255,29819,5163.7863,-9.7459,-35.27,140.909415,93.1058,0.242217,0.880012,0.513433266
2015-05-18,172.01,-0.04,-0.000232491,9001,1557.0291,-9.3932,-1.15,134.210835,93.2548,0.281641,0.844516,0.439184203
2015-05-15,172.05,-3.25,-0.018539646,12968,2226.4202,-9.3817,36.57,128.517042,92.9841,0.338733,0.850316,0.382139979
2015-05-14,175.3,2.17,0.012533934,4358,770.4877,-9.7474,-25.22,127.799337,92.7838,0.371682,0.889338,0.377388477
2015-05-13,173.13,-0.89,-0.005114355,19697,3436.4926,-9.4952,9.62,130.670157,92.5837,0.324939,0.869984,0.411373244
2015-05-12,174.02,4.01,0.023586848,24893,4339.6653,-9.5914,-46.8,129.1869,92.4537,0.347041,0.882239,0.397314548
2015-05-11,170.01,6.67,0.040835068,23137,3843.3273,-9.1234,-81.42,130.861545,92.305,0.29916,0.841829,0.417708087
2015-05-08,163.34,3.78,0.023690148,33215,5422.6885,-8.3092,-47.49,127.703643,92.1465,0.279056,0.772612,0.385876219
2015-05-07,159.56,0.46,0.002891263,9962,1589.8613,-7.8343,-6.27,122.727555,91.9957,0.300115,0.734429,0.334057516
2015-05-06,159.1,-9.9,-0.058579882,40519,6600.3445,-7.7716,120.23,125.072058,91.9866,0.272066,0.7296,0.359676931
2015-05-05,169,-8.63,-0.048584136,29425,4987.8294,-8.9739,97.78,129.473982,91.9469,0.305281,0.838017,0.408138632
2015-05-04,177.63,-6.35,-0.034514621,6073,1092.5186,-9.9517,66.26,138.7563,91.9397,0.280158,0.932027,0.509209841
2015-04-30,183.98,7.46,0.0422615,41042,7472.2567,-10.6143,-81.35,141.579273,91.8004,0.299484,1.004131,0.542251156
2015-04-29,176.52,-5.01,-0.027598744,49461,8660.0229,-9.8008,54.09,139.856781,91.7299,0.262148,0.924345,0.524658601
2015-04-28,181.53,19.37,0.119449926,69004,12463.4428,-10.3417,-222.91,144.832869,91.7508,0.253375,0.978511,0.578546116
2015-04-27,162.16,0,0,0,0,-8.1126,-1.38,131.674944,91.6994,0.231518,0.768387,0.435941173
2015-04-24,162.16,0,0,0,0,-8.0988,-0.46,131.674944,91.7641,0.231518,0.76714,0.434928736
2015-04-23,162.16,0,0,0,0,-8.0942,-0.46,131.674944,91.8322,0.231518,0.765829,0.433864636
2015-04-22,162.16,0,0,0,0,-8.0896,-0.46,131.674944,91.8295,0.231518,0.765881,0.433906795
2015-04-21,162.16,0,0,0,0,-8.085,-0.46,131.674944,91.3693,0.231518,0.774776,0.441128957
2015-04-20,162.16,0,0,0,0,-8.0804,-1.38,131.674944,90.8145,0.231518,0.785618,0.449933039
2015-04-17,162.16,0,0,0,0,-8.0666,-0.45,131.674944,90.4483,0.231518,0.792847,0.455803415
2015-04-16,162.16,0,0,0,0,-8.0621,-0.46,131.674944,90.3785,0.231518,0.794232,0.456927743
2015-04-15,162.16,0,0,0,0,-8.0575,-0.46,131.674944,90.2863,0.231518,0.796064,0.458415551
2015-04-14,162.16,0,0,0,0,-8.0529,-0.45,131.674944,90.183,0.231518,0.798122,0.460086092
2015-04-13,162.16,0,0,0,0,-8.0484,-1.37,131.674944,90.1484,0.231518,0.798812,0.46064649
2015-04-10,162.16,0,0,0,0,-8.0347,-0.45,131.674944,89.9713,0.231518,0.802353,0.463521634
2015-04-09,162.16,-3.24,-0.019588875,32709,5315.5894,-8.0302,38.53,131.674944,89.9607,0.231518,0.802565,0.46369408
2015-04-08,165.4,0.03,0.000181411,27065,4473.0245,-8.4155,-0.83,130.574463,90.0415,0.26671,0.836931,0.450158682
2015-04-07,165.37,-1.76,-0.010530725,32977,5457.7169,-8.4072,18.86,131.292168,90.158,0.259557,0.834224,0.456245347
2015-04-03,167.13,-2.57,-0.015144372,10121,1698.7526,-8.5958,29.31,127.847184,90.3046,0.307264,0.850736,0.415732798
2015-04-02,169.7,0.39,0.002303467,7681,1305.6009,-8.8889,-4.98,129.617523,90.068,0.309237,0.884132,0.439107374
2015-04-01,169.31,-0.49,-0.002885748,5629,956.9225,-8.8391,5.13,129.282594,89.768,0.309612,0.886084,0.440185745
2015-03-31,169.8,-6.22,-0.035336894,5379,941.3839,-8.8904,69.22,130.574463,90.0255,0.300407,0.886132,0.450416415
2015-03-30,176.02,-0.49,-0.002776047,31879,5637.9538,-9.5826,3.77,137.464431,90.015,0.280477,0.955452,0.527128045
2015-03-27,176.51,1.51,0.008628571,12271,2163.1911,-9.6203,-17.09,133.206048,90.1736,0.32509,0.957447,0.477217811
2015-03-26,175,-2,-0.011299435,6562,1139.9089,-9.4494,21.35,128.804124,90.1725,0.358652,0.940725,0.42841913
2015-03-25,177,0,0,40190,7305.1298,-9.6629,-0.53,134.354376,90.2874,0.317411,0.960406,0.488074482
2015-03-24,177,2.95,0.016949153,32417,5667.4963,-9.6576,-32.88,134.258682,90.4047,0.31835,0.957863,0.4850852
2015-03-23,174.05,5.05,0.029881657,32035,5524.4949,-9.3288,-58.41,128.325654,90.5245,0.356314,0.922684,0.417579263
2015-03-20,169,5.39,0.032944197,16832,2825.0713,-8.7447,-63.48,125.167752,90.4974,0.350188,0.867457,0.383108819
2015-03-19,163.61,-4.69,-0.027866904,6957,1154.8902,-8.1099,54.47,121.818462,90.3647,0.343064,0.810552,0.348075764
2015-03-18,168.3,-1.58,-0.009300683,1557,262.9209,-8.6546,17.59,120.957216,90.4936,0.391401,0.8598,0.336638348
2015-03-17,169.88,3.36,0.020177756,21285,3608.7667,-8.8305,-39.15,122.775402,90.6037,0.383665,0.874979,0.355081547
2015-03-16,166.52,3.52,0.021595092,13598,2249.3212,-8.439,-42.87,123.206025,90.5653,0.351558,0.838673,0.360410941
2015-03-13,163,3.22,0.02015271,8887,1446.6729,-8.0103,-39.33,121.53138,90.4704,0.341217,0.801694,0.343327541
2015-03-12,159.78,-0.48,-0.002995133,7606,1213.4479,-7.617,5.43,120.478746,90.4364,0.32621,0.766766,0.332193077
2015-03-11,160.26,-0.92,-0.005707904,3145,509.1482,-7.6713,10.72,122.344779,90.3004,0.309904,0.774743,0.354864198
2015-03-10,161.18,1.18,0.007375,1364,219.4731,-7.7785,-14.74,121.53138,90.4557,0.326242,0.781867,0.343545846
2015-03-09,160,0.27,0.001690352,4906,780.3481,-7.6311,-4.56,120.765828,90.4485,0.324878,0.768962,0.335188842
2015-03-06,159.73,0.06,0.000375775,12374,2004.8029,-7.5855,-1.15,122.48832,90.4803,0.304043,0.765357,0.353756785
2015-03-05,159.67,-0.89,-0.005543099,6396,1019.8299,-7.574,10.39,117.942855,90.5224,0.353791,0.763873,0.302913478
2015-03-04,160.56,-1.79,-0.011025562,21084,3374.5639,-7.6779,21.07,118.708407,90.5931,0.352558,0.77232,0.310347113
2015-03-03,162.35,-2.96,-0.017905753,10993,1797.9846,-7.8886,34.48,121.387839,90.6172,0.337449,0.791602,0.339567312
2015-03-02,165.31,-1.44,-0.008635682,10068,1675.3356,-8.2334,15.32,126.076845,90.6031,0.311185,0.824551,0.391529043
2015-02-27,166.75,-1.62,-0.009621667,2684,449.3785,-8.3866,18.09,127.799337,90.5263,0.30478,0.842006,0.411737108
2015-02-26,168.37,0.85,0.005074021,10328,1733.6574,-8.5675,-10.17,130.191687,90.4017,0.293247,0.862465,0.440146446
2015-02-25,167.52,-4.86,-0.028193526,13697,2303.2435,-8.4658,50.75,130.526616,90.3748,0.283417,0.853614,0.444281105
2015-02-17,172.38,5.67,0.034011157,22583,3864.6355,-8.9733,-64.17,131.244321,90.1902,0.313428,0.911294,0.455194921
2015-02-16,166.71,1.18,0.007128617,625,104.2872,-8.3316,-14.93,122.727555,90.0388,0.358374,0.851535,0.363051873
2015-02-13,165.53,7.43,0.046995572,17003,2778.382,-8.1823,-88.58,120.670134,89.8063,0.371757,0.843189,0.343671146
2015-02-12,158.1,1.15,0.007327174,4661,735.8194,-7.2965,-14.49,119.043336,89.6603,0.328088,0.763322,0.32771512
2015-02-11,156.95,3.4,0.022142625,10504,1655.3332,-7.1516,-42.76,120.287358,89.3396,0.304792,0.75678,0.346405827
2015-02-10,153.55,4.28,0.028672875,26667,4102.1066,-6.724,-55.31,117.177303,89.5408,0.310407,0.714861,0.308647041
2015-02-09,149.27,0.14,0.000938778,24522,3640.0163,-6.1709,-2.85,113.732319,89.8563,0.312468,0.661208,0.265713356
2015-02-06,149.13,-1.42,-0.009432082,34718,5167.8685,-6.1424,18.09,117.847161,90.0529,0.265452,0.656027,0.308643708
2015-02-05,150.55,-8.54,-0.053680307,74376,11924.2951,-6.3233,106.11,123.397413,90.1103,0.220042,0.67073,0.369404086
2015-02-04,159.09,9.05,0.060317249,67348,10655.8374,-7.3844,-113.39,126.651009,89.9343,0.256129,0.768958,0.408261464
2015-02-03,150.04,0.24,0.001602136,28075,4169.2996,-6.2505,-3.45,120.765828,90.11,0.242405,0.665076,0.340204506
2015-02-02,149.8,-3.71,-0.024167807,24167,3670.552,-6.216,46.26,118.517019,90.267,0.263954,0.659521,0.31296065
2015-01-30,153.51,-1.12,-0.007243096,38752,6105.4377,-6.6786,13.63,118.18209,90.4145,0.298928,0.697847,0.307114346
2015-01-29,154.63,2.61,0.017168794,38509,5859.5269,-6.8149,-33.16,111.339969,90.5105,0.388809,0.708421,0.230133178
2015-01-28,152.02,-1.98,-0.012857143,16759,2534.232,-6.4833,24.57,104.210766,90.7246,0.458774,0.675621,0.148649495
2015-01-27,154,-2.06,-0.013200051,17012,2615.246,-6.729,25.14,106.076799,90.8097,0.451778,0.695854,0.168121897
2015-01-26,156.06,-0.44,-0.002811502,21347,3308.1245,-6.9804,4.25,110.000253,91.0134,0.418723,0.714693,0.208616017
2015-01-23,156.5,3.31,0.021607155,23373,3664.7826,-7.0229,-41.35,109.808865,91.1493,0.425203,0.716963,0.204714298
2015-01-22,153.19,7.04,0.048169689,47713,7328.554,-6.6094,-91.11,107.65575,91.3681,0.422961,0.676625,0.178264077
2015-01-21,146.15,4.36,0.0307497,44594,6494.7118,-5.6983,-59.19,106.507422,91.1938,0.372205,0.602631,0.167923938
2015-01-20,141.79,2.33,0.0167073,43861,6183.1851,-5.1064,-32.64,100.383006,91.4305,0.41249,0.550795,0.097915969
2015-01-19,139.46,-3.89,-0.027136379,73077,10221.0898,-4.78,52.79,95.21553,91.2864,0.464677,0.527719,0.043041789
2015-01-16,143.35,3.51,0.025100114,88171,12598.7816,-5.3079,-48.53,103.82799,91.0295,0.380649,0.574764,0.140597169
2015-01-15,139.84,0.03,0.000214577,77315,10805.6549,-4.8226,-0.68,98.08635,90.7875,0.425682,0.5403,0.080394878
2015-01-14,139.81,1.55,0.011210762,274244,38451.2317,-4.8158,-22.01,96.746634,90.4252,0.445115,0.54614,0.06990788
2015-01-13,138.26,38.2288,0.382168763,119222,16520.3875,-4.5957,-654.41,96.124623,90.1495,0.438341,0.533675,0.066280157
2015-01-12,100.0312,0.0049,4.89871E-05,0,0,1.9484,0.23,90.861453,89.9758,0.10092,0.111757,0.009843236
2015-01-09,100.0263,0.0016,1.5996E-05,0,0,1.9461,0.08,94.784907,89.699,0.055298,0.115133,0.056699707
2015-01-08,100.0247,0.0017,1.69961E-05,0,0,1.9453,0.07,93.875814,89.6892,0.0655,0.115237,0.046679132
2015-01-07,100.023,0.0016,1.59966E-05,0,0,1.9446,0.08,95.646153,89.4955,0.04576,0.117632,0.068725835
2015-01-06,100.0214,0.0017,1.69967E-05,0,0,1.9438,0.07,98.038503,89.423,0.020226,0.11852,0.096345493
2015-01-05,100.0197,0.0082,8.19906E-05,0,0,1.9431,0.38,105.598329,89.2882,-0.052829,0.120189,0.182668359
2014-12-31,100.0115,0.0016,1.59984E-05,0,0,1.9393,0.08,105.2634,89.2692,-0.049893,0.120336,0.179168179
2014-12-30,100.0099,0.0017,1.69986E-05,0,0,1.9385,0.07,102.153345,88.8221,-0.020982,0.125957,0.15008928
2014-12-29,100.0082,0.0049,4.89984E-05,0,0,1.9378,0.22,105.024165,88.5752,-0.04776,0.129077,0.185706213
2014-12-26,100.0033,0.0017,1.69997E-05,0,0,1.9356,0.08,98.56482,88.336,0.014594,0.132079,0.115794467
2014-12-25,100.0016,,,0,0,1.9348,,93.445191,88.0273,0.070163,0.136029,0.061547849
,,,,,,,,,,,,
数据来源:Wind资讯,,,,,,,,,,,,
